COD. UF,COD. MUNIC,pop
11,00015,22945
11,00023,107863
11,00031,5312
11,00049,85359
11,00056,16323
11,00064,15882
11,00072,7391
11,00080,18331
11,00098,32374
11,00106,46174
11,00114,51775
11,00122,128969
11,00130,39991
11,00148,20474
11,00155,36035
11,00189,36660
11,00205,529544
11,00254,18986
11,00262,3764
11,00288,55058
11,00296,6495
11,00304,99854
11,00320,23005
11,00338,30583
11,00346,14411
11,00379,13241
11,00403,21428
11,00452,39654
11,00502,8538
11,00601,6230
11,00700,14139
11,00809,26693
11,00908,3052
11,00924,11182
11,00940,25215
11,01005,7767
11,01104,10458
11,01203,9660
11,01302,10947
11,01401,15852
11,01435,6970
11,01450,6074
11,01468,2169
11,01476,2856
11,01484,5172
11,01492,20266
11,01500,11856
11,01559,4308
11,01609,10444
11,01708,11467
11,01757,11204
11,01807,6825
12,00013,15256
12,00054,7417
12,00104,26278
12,00138,10266
12,00179,11733
12,00203,88376
12,00252,18411
12,00302,34780
12,00328,8317
12,00336,18977
12,00344,9459
12,00351,18867
12,00385,19761
12,00393,11982
12,00401,407319
12,00427,18930
12,00435,6540
12,00450,23024
12,00500,45848
12,00609,42567
12,00708,19323
12,00807,18504
13,00029,16041
13,00060,11536
13,00086,13614
13,00102,21010
13,00144,21973
13,00201,19921
13,00300,39565
13,00409,27502
13,00508,32041
13,00607,42984
13,00631,19679
13,00680,19207
13,00706,34308
13,00805,41161
13,00839,13081
13,00904,15629
13,01001,28294
13,01100,37869
13,01159,30225
13,01209,85097
13,01308,28637
13,01407,35273
13,01506,20033
13,01605,17609
13,01654,16678
13,01704,55080
13,01803,29689
13,01852,48296
13,01902,101337
13,01951,7851
13,02009,9148
13,02108,2755
13,02207,14712
13,02306,14317
13,02405,46069
13,02504,97377
13,02553,32105
13,02603,2182763
13,02702,55751
13,02801,18224
13,02900,63905
13,03007,21173
13,03106,37378
13,03205,19454
13,03304,25644
13,03403,114273
13,03502,19426
13,03536,36279
13,03569,33347
13,03601,25156
13,03700,21602
13,03809,45564
13,03908,39299
13,03957,14020
13,04005,9171
13,04062,65844
13,04104,17156
13,04203,59849
13,04237,18755
13,04260,13540
13,04302,16256
13,04401,23065
14,00027,12796
14,00050,15510
14,00100,399213
14,00159,12409
14,00175,18335
14,00209,21926
14,00233,10169
14,00282,11950
14,00308,17853
14,00407,11290
14,00456,17401
14,00472,30163
14,00506,8201
14,00605,7986
14,00704,10559
15,00107,157698
15,00131,7434
15,00206,55591
15,00305,39218
15,00347,27430
15,00404,56789
15,00503,34109
15,00602,114594
15,00701,29277
15,00800,530598
15,00859,27890
15,00909,45998
15,00958,31338
15,01006,16388
15,01105,30673
15,01204,47446
15,01253,3286
15,01303,124680
15,01402,1492745
15,01451,17732
15,01501,62737
15,01576,16981
15,01600,16286
15,01709,127686
15,01725,15086
15,01758,7380
15,01782,66046
15,01808,102701
15,01907,29132
15,01956,33900
15,02004,23767
15,02103,137890
15,02152,37085
15,02202,69027
15,02301,54303
15,02400,200793
15,02509,23717
15,02608,12085
15,02707,47864
15,02756,33318
15,02764,13473
15,02772,17929
15,02806,34448
15,02855,14393
15,02905,40066
15,02939,59719
15,02954,33808
15,03002,7194
15,03044,20304
15,03077,26066
15,03093,40475
15,03101,33376
15,03200,38807
15,03309,62698
15,03408,11711
15,03457,64053
15,03507,32550
15,03606,101247
15,03705,53269
15,03754,8239
15,03804,59155
15,03903,57943
15,04000,28935
15,04059,30077
15,04109,8548
15,04208,279349
15,04307,29473
15,04406,28336
15,04422,131521
15,04455,31597
15,04505,27654
15,04604,31136
15,04703,82094
15,04752,16084
15,04802,58032
15,04901,40349
15,04950,21368
15,04976,16678
15,05007,15363
15,05031,25762
15,05064,75919
15,05106,52137
15,05205,32512
15,05304,73096
15,05403,17842
15,05437,32832
15,05486,47706
15,05494,7589
15,05502,113145
15,05536,208273
15,05551,5483
15,05601,8077
15,05635,12981
15,05650,30982
15,05700,31082
15,05809,62043
15,05908,41135
15,06005,29866
15,06104,10825
15,06112,13608
15,06138,84787
15,06161,18193
15,06187,52357
15,06195,50510
15,06203,40675
15,06302,23752
15,06351,21079
15,06401,10128
15,06500,70801
15,06559,19848
15,06583,21449
15,06609,24861
15,06708,72817
15,06807,304589
15,06906,6709
15,07003,31482
15,07102,18050
15,07151,25557
15,07201,31989
15,07300,128481
15,07409,15882
15,07458,24847
15,07466,6139
15,07474,23045
15,07508,13996
15,07607,58986
15,07706,26640
15,07755,5930
15,07805,11658
15,07904,25374
15,07953,106339
15,07961,11720
15,07979,18769
15,08001,63447
15,08035,30959
15,08050,18989
15,08084,39602
15,08100,113659
15,08126,59210
15,08159,45476
15,08209,53686
15,08308,61403
15,08357,15134
15,08407,44751
16,00055,5397
16,00105,9109
16,00154,16502
16,00204,11117
16,00212,5983
16,00238,7780
16,00253,5503
16,00279,50410
16,00303,503327
16,00402,21632
16,00501,27270
16,00535,21971
16,00550,5120
16,00600,121364
16,00709,17315
16,00808,15931
17,00251,2579
17,00301,6733
17,00350,5390
17,00400,7055
17,00707,8412
17,01002,9549
17,01051,3433
17,01101,4795
17,01309,5758
17,01903,7086
17,02000,8517
17,02109,180470
17,02158,5729
17,02208,35761
17,02307,6643
17,02406,10567
17,02554,18412
17,02703,3757
17,02901,9756
17,03008,10664
17,03057,3553
17,03073,4591
17,03107,5632
17,03206,4459
17,03305,4894
17,03602,2201
17,03701,5497
17,03800,11348
17,03826,2275
17,03842,10116
17,03867,4382
17,03883,2580
17,03891,4095
17,03909,5369
17,04105,2905
17,04600,1406
17,05102,3333
17,05508,35424
17,05557,4852
17,05607,4105
17,06001,5588
17,06100,7289
17,06258,1722
17,06506,6097
17,07009,22139
17,07108,6900
17,07207,7198
17,07306,4686
17,07405,10996
17,07553,3835
17,07652,5263
17,07702,8856
17,08205,18440
17,08254,2589
17,08304,5123
17,09005,13019
17,09302,25923
17,09500,86647
17,09807,2015
17,10508,7433
17,10706,5864
17,10904,3777
17,11100,2427
17,11506,3849
17,11803,2193
17,11902,13357
17,11951,4316
17,12009,3134
17,12157,1923
17,12405,3740
17,12454,3108
17,12504,5175
17,12702,2684
17,12801,3426
17,13205,18248
17,13304,13434
17,13601,7947
17,13700,2279
17,13809,6658
17,13957,3551
17,14203,9244
17,14302,3898
17,14880,11819
17,15002,4260
17,15101,4342
17,15150,2332
17,15259,2722
17,15507,1112
17,15705,6026
17,15754,7659
17,16109,51252
17,16208,10449
17,16307,4849
17,16505,13578
17,16604,11749
17,16653,5477
17,16703,8205
17,17008,4447
17,17206,3028
17,17503,7654
17,17800,4596
17,17909,8039
17,18006,3139
17,18204,53010
17,18303,8432
17,18402,3684
17,18451,2688
17,18501,4293
17,18550,4645
17,18659,2130
17,18709,2834
17,18758,6478
17,18808,4711
17,18840,3375
17,18865,7512
17,18881,3434
17,18899,2365
17,18907,4829
17,19004,2866
17,20002,2529
17,20101,5324
17,20150,1585
17,20200,12139
17,20259,3082
17,20309,4805
17,20499,3960
17,20655,5403
17,20804,9029
17,20853,1966
17,20903,16683
17,20937,2148
17,20978,2793
17,21000,299127
17,21109,7545
17,21208,22870
17,21257,1891
17,21307,2671
17,22081,11683
17,22107,11540
21,00055,112445
21,00105,6524
21,00154,12571
21,00204,22097
21,00303,26532
21,00402,8128
21,00436,27053
21,00477,31919
21,00501,11190
21,00550,6962
21,00600,41435
21,00709,26803
21,00808,15732
21,00832,17239
21,00873,15426
21,00907,46440
21,00956,32701
21,01004,29848
21,01103,12130
21,01202,104949
21,01251,17055
21,01301,18582
21,01350,5644
21,01400,94887
21,01509,18820
21,01608,88212
21,01707,62528
21,01731,7469
21,01772,11209
21,01806,5632
21,01905,21280
21,01939,6043
21,01970,9287
21,02002,41630
21,02036,34028
21,02077,16294
21,02101,36397
21,02150,9188
21,02200,28678
21,02309,23884
21,02325,72358
21,02358,15430
21,02374,9431
21,02408,11177
21,02507,19379
21,02556,14374
21,02606,20178
21,02705,21995
21,02754,10934
21,02804,24322
21,02903,23807
21,03000,164880
21,03109,10675
21,03125,8673
21,03158,13458
21,03174,21622
21,03208,79675
21,03257,14697
21,03307,122859
21,03406,49435
21,03505,41178
21,03554,16237
21,03604,65296
21,03703,32695
21,03752,12908
21,03802,23350
21,03901,11349
21,04008,17241
21,04057,41946
21,04073,8504
21,04081,10360
21,04099,19089
21,04107,12631
21,04206,15552
21,04305,11819
21,04404,17934
21,04503,10840
21,04552,18296
21,04602,16828
21,04628,7807
21,04651,10180
21,04677,25577
21,04701,6262
21,04800,69527
21,04909,12030
21,05005,28717
21,05104,27113
21,05153,14177
21,05203,11320
21,05302,258682
21,05351,16057
21,05401,68203
21,05427,26000
21,05450,10153
21,05476,16515
21,05500,23632
21,05609,16168
21,05658,3432
21,05708,50266
21,05807,10840
21,05906,16257
21,05922,11250
21,05948,8873
21,05963,11394
21,05989,7550
21,06003,11893
21,06102,12157
21,06201,6951
21,06300,19826
21,06326,21395
21,06359,7792
21,06375,16265
21,06409,16829
21,06508,23370
21,06607,33782
21,06631,16745
21,06672,8464
21,06706,21015
21,06755,28381
21,06805,14962
21,06904,33434
21,07001,9160
21,07100,19433
21,07209,14454
21,07258,5384
21,07308,4683
21,07357,20928
21,07407,19505
21,07456,14701
21,07506,122197
21,07605,19722
21,07704,21386
21,07803,34907
21,07902,19019
21,08009,19472
21,08058,16035
21,08108,21040
21,08207,39229
21,08256,25144
21,08306,38470
21,08405,14318
21,08454,23196
21,08504,32941
21,08603,83387
21,08702,21485
21,08801,18625
21,08900,17873
21,09007,23885
21,09056,5975
21,09106,47804
21,09205,12734
21,09239,7015
21,09270,18918
21,09304,11193
21,09403,15315
21,09452,30761
21,09502,20195
21,09551,7791
21,09601,42740
21,09700,5671
21,09759,7773
21,09809,42130
21,09908,89044
21,10005,72667
21,10039,25254
21,10104,25642
21,10203,37855
21,10237,13386
21,10278,15846
21,10302,14528
21,10401,18663
21,10500,45211
21,10609,28507
21,10658,7392
21,10708,34376
21,10807,4585
21,10856,11798
21,10906,12210
21,11003,20665
21,11029,15808
21,11052,11177
21,11078,18543
21,11102,25929
21,11201,177687
21,11250,7641
21,11300,1101884
21,11409,18856
21,11508,41529
21,11532,12690
21,11573,4668
21,11607,18868
21,11631,5237
21,11672,6719
21,11706,22247
21,11722,13914
21,11748,11141
21,11763,14293
21,11789,10253
21,11805,18081
21,11904,10636
21,11953,5660
21,12001,8521
21,12100,29124
21,12209,169107
21,12233,21998
21,12274,5840
21,12308,41832
21,12407,35604
21,12456,25619
21,12506,58860
21,12605,33122
21,12704,56510
21,12803,52441
21,12852,13392
21,12902,32764
21,13009,31523
21,14007,51714
22,00053,7084
22,00103,5139
22,00202,17411
22,00251,7651
22,00277,4915
22,00301,14304
22,00400,40524
22,00459,5419
22,00509,17598
22,00608,6788
22,00707,9880
22,00806,3164
22,00905,5835
22,00954,2551
22,01002,4727
22,01051,7846
22,01101,11289
22,01150,11586
22,01176,3951
22,01200,47066
22,01309,3348
22,01408,7032
22,01507,26857
22,01556,4015
22,01572,3566
22,01606,10467
22,01705,5501
22,01739,6205
22,01770,6781
22,01804,4500
22,01903,25179
22,01919,5630
22,01929,5670
22,01945,6407
22,01960,8329
22,01988,3875
22,02000,19781
22,02026,8244
22,02059,10586
22,02075,3559
22,02083,7642
22,02091,5776
22,02109,5613
22,02117,5045
22,02133,5943
22,02174,7279
22,02208,46833
22,02251,3950
22,02307,21187
22,02406,11417
22,02455,4100
22,02505,10916
22,02539,5868
22,02554,5067
22,02604,19716
22,02653,5424
22,02703,27787
22,02711,4891
22,02729,6153
22,02737,4020
22,02752,6484
22,02778,7656
22,02802,4803
22,02851,4682
22,02901,26644
22,03008,8294
22,03107,10423
22,03206,11388
22,03230,4954
22,03255,4443
22,03271,5343
22,03305,13817
22,03354,7011
22,03404,6904
22,03420,4355
22,03453,9556
22,03503,14602
22,03602,4915
22,03701,39737
22,03750,5307
22,03800,4463
22,03859,2558
22,03909,59935
22,04006,5348
22,04105,4348
22,04154,3184
22,04204,9319
22,04303,11625
22,04352,5442
22,04402,10690
22,04501,10499
22,04550,4562
22,04600,3877
22,04659,9426
22,04709,15308
22,04808,9811
22,04907,8549
22,05003,11530
22,05102,11019
22,05151,5741
22,05201,19104
22,05250,4504
22,05276,4865
22,05300,4452
22,05359,3008
22,05409,14354
22,05458,5443
22,05508,39208
22,05516,5478
22,05524,5627
22,05532,4763
22,05540,2845
22,05557,8542
22,05565,4655
22,05573,6758
22,05581,4064
22,05599,5177
22,05607,5295
22,05706,30311
22,05805,25486
22,05854,8310
22,05904,5349
22,05953,8492
22,06001,4549
22,06050,6441
22,06100,10936
22,06209,33760
22,06308,1246
22,06357,6613
22,06407,10564
22,06506,7749
22,06605,10613
22,06654,4532
22,06670,6796
22,06696,9159
22,06704,7339
22,06720,8570
22,06753,4870
22,06803,8692
22,06902,6565
22,06951,2991
22,07009,37029
22,07108,2459
22,07207,6868
22,07306,4129
22,07355,3389
22,07405,5043
22,07504,14539
22,07553,3945
22,07603,10791
22,07702,153078
22,07751,4313
22,07777,6392
22,07793,4045
22,07801,20523
22,07850,3677
22,07900,38742
22,07934,2536
22,07959,4374
22,08007,78222
22,08106,12127
22,08205,18425
22,08304,28791
22,08403,63742
22,08502,12568
22,08551,2710
22,08601,3151
22,08650,8992
22,08700,8778
22,08809,17978
22,08858,4312
22,08874,4477
22,08908,7341
22,09005,6432
22,09104,6240
22,09153,4019
22,09203,6253
22,09302,5860
22,09351,4634
22,09377,5257
22,09401,6415
22,09450,2161
22,09500,3798
22,09559,4448
22,09609,2942
22,09658,5755
22,09708,6423
22,09757,3041
22,09807,5015
22,09856,4608
22,09872,6042
22,09906,6139
22,09955,4840
22,09971,7989
22,10003,20601
22,10052,5346
22,10102,3745
22,10201,6705
22,10300,6363
22,10359,4573
22,10375,2644
22,10383,2452
22,10391,3039
22,10409,17662
22,10508,14291
22,10607,34710
22,10623,3469
22,10631,4294
22,10656,10041
22,10706,14633
22,10805,12711
22,10904,4569
22,10938,6730
22,10953,2919
22,10979,2765
22,11001,864845
22,11100,44485
22,11209,21558
22,11308,20918
22,11357,4947
22,11407,4391
22,11506,3077
22,11605,2971
22,11704,4462
23,00101,11737
23,00150,14929
23,00200,62641
23,00309,54270
23,00408,17399
23,00507,11714
23,00606,7586
23,00705,17146
23,00754,43452
23,00804,7353
23,00903,14600
23,01000,80271
23,01109,74547
23,01208,26469
23,01257,10935
23,01307,21600
23,01406,11847
23,01505,7840
23,01604,23417
23,01703,24654
23,01802,6288
23,01851,18197
23,01901,60781
23,01950,22425
23,02008,22680
23,02057,15017
23,02107,35750
23,02206,53573
23,02305,32591
23,02404,54470
23,02503,49477
23,02602,63661
23,02701,27426
23,02800,76997
23,02909,17738
23,03006,22547
23,03105,18448
23,03204,26965
23,03303,18699
23,03402,17606
23,03501,71743
23,03600,20698
23,03659,10342
23,03709,361400
23,03808,25557
23,03907,13069
23,03931,13521
23,03956,20264
23,04004,23136
23,04103,75074
23,04202,132123
23,04236,18063
23,04251,24827
23,04269,9625
23,04277,7198
23,04285,53618
23,04301,19450
23,04350,24218
23,04400,2669342
23,04459,16480
23,04509,14072
23,04608,7618
23,04657,14399
23,04707,54748
23,04806,4844
23,04905,11068
23,04954,26064
23,05001,40642
23,05100,5193
23,05209,19978
23,05233,67337
23,05266,13353
23,05308,24997
23,05332,12525
23,05357,19934
23,05407,68018
23,05506,102498
23,05605,26178
23,05654,11593
23,05704,12463
23,05803,41964
23,05902,38166
23,06009,14297
23,06108,24156
23,06207,7827
23,06256,37980
23,06306,52675
23,06405,129358
23,06504,20382
23,06553,41826
23,06603,21647
23,06702,18162
23,06801,11401
23,06900,34682
23,07007,33705
23,07106,27174
23,07205,8111
23,07254,19816
23,07304,274207
23,07403,24833
23,07502,31508
23,07601,59540
23,07635,19691
23,07650,227886
23,07700,128978
23,07809,27361
23,07908,11233
23,08005,38737
23,08104,47962
23,08203,15057
23,08302,27512
23,08351,13155
23,08377,13818
23,08401,35393
23,08500,43797
23,08609,17234
23,08708,61890
23,08807,8724
23,08906,22534
23,09003,14537
23,09102,10823
23,09201,15565
23,09300,32328
23,09409,28607
23,09458,25703
23,09508,21427
23,09607,72203
23,09706,83432
23,09805,12261
23,09904,6533
23,10001,9386
23,10100,13322
23,10209,35076
23,10258,32744
23,10308,31521
23,10407,12226
23,10506,43258
23,10605,9077
23,10704,37751
23,10803,16307
23,10852,20567
23,10902,16959
23,10951,10951
23,11009,12336
23,11108,14996
23,11207,11045
23,11231,6419
23,11264,21084
23,11306,87728
23,11355,16178
23,11405,81082
23,11504,22149
23,11603,29053
23,11702,18491
23,11801,78194
23,11900,15819
23,11959,16554
23,12007,32452
23,12106,17700
23,12205,43703
23,12304,47903
23,12403,48422
23,12502,7645
23,12601,13000
23,12700,25496
23,12809,7623
23,12908,208935
23,13005,18324
23,13104,30697
23,13203,26251
23,13252,8592
23,13302,58859
23,13351,19187
23,13401,75946
23,13500,55918
23,13559,16271
23,13609,34792
23,13708,7733
23,13757,19825
23,13807,21850
23,13906,13840
23,13955,18420
23,14003,40721
23,14102,60889
24,00109,11136
24,00208,58017
24,00307,11035
24,00406,3252
24,00505,13577
24,00604,4735
24,00703,14529
24,00802,11714
24,00901,7145
24,01008,35845
24,01107,27774
24,01206,14306
24,01305,9655
24,01404,9271
24,01453,28374
24,01503,3998
24,01602,5497
24,01651,2223
24,01701,10210
24,01800,12699
24,01859,6549
24,01909,3684
24,02006,67952
24,02105,11217
24,02204,34276
24,02303,20493
24,02402,8180
24,02501,10759
24,02600,73497
24,02709,11179
24,02808,5506
24,02907,4912
24,03004,7998
24,03103,44786
24,03202,7076
24,03251,261469
24,03301,5638
24,03400,6045
24,03509,10505
24,03608,28583
24,03707,5985
24,03756,3054
24,03806,9116
24,03905,2824
24,04002,4068
24,04101,2786
24,04200,26328
24,04309,13037
24,04408,10383
24,04507,15659
24,04606,13766
24,04705,15491
24,04804,2241
24,04853,7548
24,04903,5878
24,05009,9133
24,05108,6878
24,05207,5268
24,05306,10181
24,05405,5055
24,05504,2612
24,05603,14837
24,05702,12396
24,05801,34955
24,05900,2654
24,06007,5951
24,06106,18295
24,06155,3898
24,06205,6769
24,06304,7544
24,06403,2732
24,06502,15614
24,06601,8245
24,06700,11277
24,06809,4759
24,06908,3996
24,07005,10116
24,07104,80792
24,07203,31814
24,07252,4020
24,07302,8347
24,07401,8725
24,07500,12371
24,07609,4601
24,07708,11251
24,07807,22451
24,07906,2105
24,08003,297378
24,08102,884122
24,08201,27602
24,08300,37343
24,08409,4258
24,08508,4812
24,08607,4254
24,08706,3768
24,08805,5237
24,08904,21477
24,08953,10848
24,09100,13277
24,09209,3089
24,09308,12755
24,09332,5551
24,09407,30394
24,09506,3237
24,09605,2458
24,09704,6716
24,09803,14806
24,09902,15129
24,10009,3838
24,10108,15413
24,10207,7867
24,10256,6437
24,10306,10395
24,10405,9621
24,10504,5098
24,10603,3201
24,10702,3579
24,10801,4204
24,10900,8128
24,11007,4467
24,11056,4106
24,11106,3600
24,11205,39674
24,11403,12791
24,11429,2680
24,11502,24136
24,11601,2747
24,11700,4449
24,11809,3584
24,11908,4228
24,12005,102400
24,12104,6193
24,12203,43899
24,12302,12856
24,12401,4634
24,12500,23519
24,12559,10282
24,12609,17579
24,12708,5971
24,12807,8202
24,12906,11055
24,13003,6424
24,13102,6086
24,13201,4440
24,13300,5762
24,13359,11938
24,13409,8078
24,13508,6229
24,13557,4800
24,13607,2440
24,13706,5522
24,13805,2566
24,13904,12279
24,14001,15727
24,14100,10786
24,14159,5952
24,14209,14180
24,14308,2414
24,14407,33287
24,14456,3237
24,14506,10555
24,14605,14659
24,14704,5500
24,14753,4177
24,14803,12481
24,14902,1718
24,15008,3170
25,00106,10234
25,00205,5640
25,00304,28496
25,00403,20849
25,00502,14489
25,00536,5492
25,00577,2567
25,00601,19588
25,00700,18034
25,00734,2238
25,00775,8347
25,00809,16987
25,00908,13470
25,01005,20312
25,01104,22819
25,01153,2128
25,01203,6998
25,01302,19153
25,01351,3990
25,01401,8993
25,01500,21318
25,01534,4892
25,01575,8359
25,01609,15384
25,01708,6036
25,01807,96880
25,01906,17676
25,02003,7342
25,02052,3501
25,02102,5366
25,02151,7051
25,02201,2561
25,02300,4975
25,02409,11917
25,02508,17804
25,02607,6117
25,02706,5263
25,02805,14122
25,02904,6449
25,03001,21828
25,03100,5611
25,03209,67736
25,03308,10244
25,03407,3682
25,03506,17187
25,03555,7173
25,03605,7201
25,03704,61993
25,03753,3193
25,03803,6014
25,03902,6013
25,04009,409731
25,04033,6523
25,04074,4162
25,04108,2659
25,04157,7468
25,04207,4932
25,04306,30546
25,04355,4852
25,04405,18982
25,04504,6654
25,04603,24670
25,04702,4786
25,04801,15445
25,04850,1921
25,04900,17319
25,05006,7797
25,05105,20338
25,05204,6803
25,05238,6353
25,05279,5227
25,05303,2516
25,05352,5330
25,05402,8297
25,05501,3798
25,05600,6552
25,05709,10453
25,05808,3596
25,05907,3522
25,06004,33007
25,06103,11253
25,06202,2989
25,06251,8316
25,06301,58833
25,06400,14129
25,06509,3428
25,06608,5929
25,06707,11819
25,06806,18103
25,06905,24477
25,07002,24692
25,07101,18664
25,07200,10962
25,07309,14431
25,07408,7739
25,07507,809015
25,07606,7936
25,07705,18171
25,07804,7150
25,07903,10756
25,08000,9867
25,08109,4666
25,08208,7719
25,08307,27503
25,08406,2737
25,08505,7256
25,08554,4332
25,08604,13080
25,08703,4009
25,08802,5759
25,08901,44882
25,09008,10955
25,09057,8558
25,09107,21837
25,09156,6617
25,09206,13918
25,09305,8434
25,09339,4500
25,09370,2908
25,09396,6569
25,09404,13284
25,09503,5669
25,09602,4816
25,09701,33222
25,09800,9902
25,09909,10454
25,10006,7301
25,10105,10638
25,10204,5949
25,10303,4906
25,10402,6526
25,10501,3932
25,10600,3039
25,10659,1771
25,10709,2419
25,10808,107605
25,10907,12347
25,11004,3801
25,11103,7843
25,11202,28458
25,11301,16075
25,11400,18703
25,11509,11917
25,11608,6635
25,11707,4976
25,11806,10579
25,11905,19065
25,12002,18564
25,12036,3888
25,12077,4307
25,12101,32801
25,12200,4209
25,12309,23345
25,12408,13680
25,12507,43967
25,12606,1956
25,12705,19621
25,12721,6089
25,12747,3588
25,12754,4521
25,12762,4509
25,12788,1948
25,12804,8526
25,12903,24176
25,13000,3885
25,13109,12140
25,13158,6558
25,13208,6583
25,13307,5889
25,13356,3595
25,13406,15382
25,13505,5162
25,13604,7031
25,13653,2636
25,13703,136586
25,13802,4573
25,13851,2521
25,13901,34031
25,13927,4529
25,13943,2615
25,13968,3073
25,13984,3392
25,14008,4199
25,14107,4422
25,14206,7630
25,14305,6359
25,14404,4682
25,14453,5957
25,14503,20251
25,14552,4003
25,14602,3557
25,14651,1801
25,14701,4141
25,14800,3628
25,14909,7724
25,15005,7368
25,15104,11661
25,15203,3489
25,15302,52625
25,15401,10775
25,15500,13699
25,15609,3148
25,15708,2909
25,15807,7041
25,15906,6099
25,15930,5024
25,15971,7783
25,16003,26407
25,16102,14989
25,16151,3555
25,16201,69444
25,16300,16966
25,16409,10911
25,16508,15376
25,16607,14726
25,16706,15161
25,16755,3058
25,16805,9455
25,16904,15242
25,17001,9907
25,17100,2810
25,17209,5348
25,17407,2240
26,00054,99990
26,00104,37259
26,00203,19635
26,00302,24885
26,00401,36771
26,00500,43443
26,00609,14636
26,00708,38386
26,00807,22972
26,00906,22829
26,01003,11150
26,01052,20524
26,01102,84418
26,01201,74338
26,01300,14385
26,01409,42659
26,01508,12073
26,01607,20729
26,01706,76439
26,01805,12719
26,01904,60798
26,02001,38146
26,02100,48554
26,02209,39184
26,02308,38134
26,02407,8993
26,02506,7487
26,02605,50742
26,02704,13155
26,02803,58378
26,02902,207048
26,03009,34221
26,03108,20380
26,03207,28739
26,03306,11053
26,03405,5750
26,03454,157828
26,03504,18765
26,03603,8551
26,03702,24804
26,03801,20048
26,03900,19551
26,03926,12932
26,04007,83641
26,04106,361118
26,04155,14341
26,04205,42892
26,04304,11807
26,04403,13518
26,04502,21698
26,04601,26421
26,04700,18207
26,04809,12578
26,04908,10906
26,05004,24107
26,05103,37111
26,05152,18908
26,05202,68875
26,05301,31825
26,05400,22131
26,05459,3061
26,05509,12123
26,05608,22624
26,05707,32873
26,05806,15457
26,05905,31052
26,06002,139788
26,06101,30604
26,06200,79758
26,06309,7486
26,06408,84074
26,06507,19197
26,06606,29235
26,06705,7762
26,06804,117019
26,06903,12228
26,07000,23247
26,07109,4548
26,07208,96204
26,07307,30854
26,07406,4918
26,07505,26349
26,07604,26258
26,07653,36447
26,07703,13616
26,07752,26651
26,07802,16955
26,07901,702298
26,07950,11656
26,08008,17150
26,08057,14796
26,08107,33822
26,08206,16023
26,08255,11424
26,08305,14836
26,08404,15378
26,08453,18071
26,08503,21429
26,08602,13145
26,08701,16290
26,08750,25601
26,08800,40288
26,08909,56250
26,09006,25376
26,09105,16088
26,09154,21434
26,09204,11345
26,09303,15390
26,09402,62784
26,09501,32471
26,09600,392482
26,09709,23884
26,09808,14991
26,09907,69459
26,10004,63250
26,10103,7693
26,10202,26474
26,10301,11523
26,10400,22010
26,10509,28933
26,10608,56506
26,10707,331774
26,10806,22617
26,10905,67395
26,11002,36548
26,11101,349145
26,11200,11302
26,11309,27091
26,11408,14966
26,11507,26037
26,11533,6813
26,11606,1645727
26,11705,20546
26,11804,47415
26,11903,23535
26,12000,9932
26,12109,10919
26,12208,60930
26,12307,15843
26,12406,26462
26,12455,15398
26,12471,12592
26,12505,107937
26,12554,14477
26,12604,41931
26,12703,14137
26,12802,11815
26,12901,15895
26,13008,59504
26,13107,37245
26,13206,22793
26,13305,21356
26,13404,21298
26,13503,33959
26,13602,33951
26,13701,113230
26,13800,18018
26,13909,86350
26,14006,19165
26,14105,35907
26,14204,45865
26,14303,11270
26,14402,6007
26,14501,65089
26,14600,28534
26,14709,12874
26,14808,25765
26,14857,23388
26,15003,28775
26,15102,7169
26,15201,10096
26,15300,53022
26,15409,45219
26,15508,13769
26,15607,30521
26,15706,15254
26,15805,27304
26,15904,8202
26,16001,18482
26,16100,9534
26,16183,7618
26,16209,20731
26,16308,32643
26,16407,138757
26,16506,14725
27,00102,20196
27,00201,17545
27,00300,231747
27,00409,47185
27,00508,15932
27,00607,8322
27,00706,18232
27,00805,4344
27,00904,6704
27,01001,27281
27,01100,10494
27,01209,10858
27,01308,21264
27,01357,6936
27,01407,57063
27,01506,9558
27,01605,17722
27,01704,17053
27,01803,9081
27,01902,7311
27,02009,10693
27,02108,21698
27,02207,5845
27,02306,56933
27,02355,24219
27,02405,52016
27,02504,11075
27,02553,18205
27,02603,22166
27,02702,4754
27,02801,12790
27,02900,40917
27,03007,15616
27,03106,25631
27,03205,24499
27,03304,18385
27,03403,5253
27,03502,7021
27,03601,8361
27,03700,5770
27,03759,11580
27,03809,23993
27,03908,4155
27,04005,24727
27,04104,17852
27,04203,28635
27,04302,1018948
27,04401,19804
27,04500,32704
27,04609,9163
27,04708,51901
27,04807,13264
27,04906,3514
27,05002,25216
27,05101,24642
27,05200,17856
27,05309,5329
27,05408,7159
27,05507,28236
27,05606,12690
27,05705,21688
27,05804,9373
27,05903,5123
27,06000,11624
27,06109,11496
27,06208,5011
27,06307,73218
27,06406,24399
27,06422,10533
27,06448,13176
27,06505,15245
27,06604,7564
27,06703,63683
27,06802,17827
27,06901,35111
27,07008,2908
27,07107,25039
27,07206,14386
27,07305,27165
27,07404,7786
27,07503,20066
27,07602,11294
27,07701,75120
27,07800,6664
27,07909,7296
27,08006,47654
27,08105,10740
27,08204,6961
27,08303,23927
27,08402,32260
27,08501,34555
27,08600,61251
27,08709,7951
27,08808,34152
27,08907,13828
27,08956,13870
27,09004,6162
27,09103,19980
27,09152,44169
27,09202,27715
27,09301,65611
27,09400,25733
28,00100,2374
28,00209,21563
28,00308,657013
28,00407,10056
28,00506,18542
28,00605,30407
28,00670,26816
28,00704,8309
28,01009,18109
28,01108,4008
28,01207,29900
28,01306,34213
28,01405,22082
28,01504,16634
28,01603,5897
28,01702,17874
28,01900,3987
28,02007,5138
28,02106,69184
28,02205,5584
28,02304,15421
28,02403,11604
28,02502,3346
28,02601,5818
28,02700,8520
28,02809,17957
28,02908,95427
28,03005,41928
28,03104,4903
28,03203,34356
28,03302,18743
28,03401,13434
28,03500,104408
28,03609,29826
28,03708,6919
28,03807,3682
28,03906,12618
28,04003,17213
28,04102,11335
28,04201,15031
28,04300,7625
28,04409,18719
28,04458,8796
28,04508,36924
28,04607,26629
28,04706,6483
28,04805,183628
28,04904,14428
28,05000,3261
28,05109,9602
28,05208,6576
28,05307,9280
28,05406,34775
28,05505,23728
28,05604,28596
28,05703,29626
28,05802,19805
28,05901,10213
28,06008,18652
28,06107,10855
28,06206,19998
28,06305,14035
28,06404,7780
28,06503,3913
28,06602,12102
28,06701,90072
28,06800,11137
28,06909,3724
28,07006,3930
28,07105,40484
28,07204,8893
28,07303,3227
28,07402,52191
28,07501,13536
28,07600,25294
29,00108,8739
29,00207,20086
29,00306,15159
29,00355,17040
29,00405,16970
29,00504,10610
29,00603,4446
29,00702,151596
29,00801,22470
29,00900,5464
29,01007,37241
29,01106,25102
29,01155,16094
29,01205,22005
29,01304,13143
29,01353,14595
29,01403,13977
29,01502,11221
29,01601,19291
29,01700,11683
29,01809,11798
29,01908,17731
29,01957,7330
29,02005,13135
29,02054,12177
29,02104,54379
29,02203,11397
29,02252,11019
29,02302,8825
29,02401,11531
29,02500,13877
29,02609,20468
29,02658,13229
29,02708,53578
29,02807,20598
29,02906,31603
29,03003,13865
29,03102,5714
29,03201,155439
29,03235,14931
29,03276,15978
29,03300,5591
29,03409,23328
29,03508,17211
29,03607,15979
29,03706,12633
29,03805,18576
29,03904,69148
29,03953,9880
29,04001,14368
29,04050,16764
29,04100,21508
29,04209,10211
29,04308,14295
29,04407,10557
29,04506,10231
29,04605,67195
29,04704,18349
29,04753,21174
29,04803,6758
29,04852,18807
29,04902,33470
29,05008,23170
29,05107,9213
29,05156,14542
29,05206,50975
29,05305,18437
29,05404,18176
29,05503,13327
29,05602,31988
29,05701,299132
29,05800,35316
29,05909,28798
29,06006,71206
29,06105,9711
29,06204,26176
29,06303,31099
29,06402,8258
29,06501,87076
29,06600,14319
29,06709,25189
29,06808,34834
29,06824,16668
29,06857,11637
29,06873,30662
29,06899,8951
29,06907,22016
29,07004,9295
29,07103,29018
29,07202,71969
29,07301,26264
29,07400,3577
29,07509,54704
29,07558,9329
29,07608,17266
29,07707,11177
29,07806,32515
29,07905,17300
29,08002,16993
29,08101,18777
29,08200,22581
29,08309,17247
29,08408,66612
29,08507,33153
29,08606,25837
29,08705,17247
29,08804,4066
29,08903,22605
29,09000,8614
29,09109,14194
29,09208,15895
29,09307,32137
29,09406,13782
29,09505,5349
29,09604,21103
29,09703,13910
29,09802,63239
29,09901,34700
29,10008,10710
29,10057,81089
29,10107,12199
29,10206,4058
29,10305,8122
29,10404,17006
29,10503,41780
29,10602,37237
29,10701,60585
29,10727,113380
29,10750,17890
29,10776,5665
29,10800,614872
29,10859,16377
29,10909,5617
29,11006,10629
29,11105,25591
29,11204,32403
29,11253,4463
29,11303,11233
29,11402,15221
29,11501,7128
29,11600,20722
29,11659,6937
29,11709,84481
29,11808,20843
29,11857,13031
29,11907,24305
29,12004,9224
29,12103,21689
29,12202,19571
29,12301,16198
29,12400,18211
29,12509,14902
29,12608,4044
29,12707,23375
29,12806,8637
29,12905,15312
29,13002,16339
29,13101,17113
29,13200,26927
29,13309,6206
29,13408,15640
29,13457,13226
29,13507,26916
29,13606,162327
29,13705,39926
29,13804,14487
29,13903,45873
29,14000,59595
29,14109,9865
29,14208,7260
29,14307,8537
29,14406,25216
29,14505,29034
29,14604,72967
29,14653,30584
29,14703,64489
29,14802,213223
29,14901,28296
29,15007,16056
29,15106,12351
29,15205,14579
29,15304,6869
29,15353,14429
29,15403,6682
29,15502,20491
29,15601,64486
29,15700,8035
29,15809,23049
29,15908,6441
29,16005,19405
29,16104,22228
29,16203,8761
29,16302,10259
29,16401,76147
29,16500,35576
29,16609,10313
29,16708,8319
29,16807,19747
29,16856,14487
29,16906,12576
29,17003,36089
29,17102,20382
29,17201,18962
29,17300,28602
29,17334,10994
29,17359,8385
29,17409,14842
29,17508,80518
29,17607,54423
29,17706,33570
29,17805,18788
29,17904,10709
29,18001,155966
29,18100,40463
29,18209,14537
29,18308,11166
29,18357,25188
29,18407,216707
29,18456,9126
29,18506,15284
29,18555,5833
29,18605,6186
29,18704,3724
29,18753,15665
29,18803,23840
29,18902,3955
29,19009,3783
29,19058,8562
29,19108,8307
29,19157,27223
29,19207,198440
29,19306,11409
29,19405,12388
29,19504,45732
29,19553,87519
29,19603,11348
29,19702,18755
29,19801,49826
29,19900,7824
29,19926,21093
29,19959,3161
29,20007,10112
29,20106,18676
29,20205,16845
29,20304,8393
29,20403,13240
29,20452,13643
29,20502,20834
29,20601,44677
29,20700,20570
29,20809,10406
29,20908,13822
29,21005,46583
29,21054,12201
29,21104,22688
29,21203,26023
29,21302,10950
29,21401,18338
29,21450,8641
29,21500,49418
29,21609,8519
29,21708,35413
29,21807,12042
29,21906,9062
29,22003,41748
29,22052,10889
29,22102,26776
29,22201,7422
29,22250,11348
29,22300,29399
29,22409,22221
29,22508,28525
29,22607,13997
29,22656,13130
29,22706,16462
29,22730,7812
29,22755,6591
29,22805,8226
29,22854,9118
29,22904,26947
29,23001,43376
29,23035,12385
29,23050,15440
29,23100,28229
29,23209,21825
29,23308,8564
29,23357,17451
29,23407,21750
29,23506,9019
29,23605,21607
29,23704,32000
29,23803,28989
29,23902,9831
29,24009,117782
29,24058,13578
29,24108,7347
29,24207,16667
29,24306,17123
29,24405,35048
29,24504,16260
29,24603,20150
29,24652,10437
29,24678,10023
29,24702,10707
29,24801,24755
29,24900,9322
29,25006,26265
29,25105,46871
29,25204,39519
29,25253,14914
29,25303,148686
29,25402,7224
29,25501,28174
29,25600,15142
29,25709,12338
29,25758,27719
29,25808,25439
29,25907,27580
29,25931,8972
29,25956,22621
29,26004,41008
29,26103,14396
29,26202,22339
29,26301,33436
29,26400,35421
29,26509,14592
29,26608,53807
29,26657,5812
29,26707,12989
29,26806,15371
29,26905,11655
29,27002,40732
29,27101,9331
29,27200,30814
29,27309,15667
29,27408,2872347
29,27507,20791
29,27606,14213
29,27705,27778
29,27804,6315
29,27903,10631
29,28000,37348
29,28059,12597
29,28109,39845
29,28208,26614
29,28307,8943
29,28406,28338
29,28505,10405
29,28604,60069
29,28703,101512
29,28802,52850
29,28901,33742
29,28950,9058
29,29008,14740
29,29057,15391
29,29107,21074
29,29206,39802
29,29255,18793
29,29305,37550
29,29354,5657
29,29370,10462
29,29404,11675
29,29503,44300
29,29602,17398
29,29701,17273
29,29750,12043
29,29800,12913
29,29909,44091
29,30006,11434
29,30105,79015
29,30154,31472
29,30204,40684
29,30303,17386
29,30402,14878
29,30501,80861
29,30600,13397
29,30709,134377
29,30758,13012
29,30766,9986
29,30774,23191
29,30808,16979
29,30907,12518
29,31004,20403
29,31053,17366
29,31103,7918
29,31202,21074
29,31301,17010
29,31350,160487
29,31400,7425
29,31509,22518
29,31608,14943
29,31707,13033
29,31806,16394
29,31905,50687
29,32002,24240
29,32101,19895
29,32200,19056
29,32309,27035
29,32408,13887
29,32457,19222
29,32507,19002
29,32606,16658
29,32705,20519
29,32804,19178
29,32903,96562
29,33000,28473
29,33059,14104
29,33109,9170
29,33158,12697
29,33174,8838
29,33208,43223
29,33257,6205
29,33307,338480
29,33406,9345
29,33455,12238
29,33505,21101
29,33604,46483
31,00104,6989
31,00203,23237
31,00302,13454
31,00401,3994
31,00500,9470
31,00609,13735
31,00708,1999
31,00807,4486
31,00906,19207
31,01003,13539
31,01102,25167
31,01201,6003
31,01300,2674
31,01409,3007
31,01508,35362
31,01607,79996
31,01631,6907
31,01706,41896
31,01805,7424
31,01904,19853
31,02001,14466
31,02050,5847
31,02100,11000
31,02209,3907
31,02308,15203
31,02407,3606
31,02506,4713
31,02605,41077
31,02704,9412
31,02803,12224
31,02852,8520
31,02902,11445
31,03009,9318
31,03108,1598
31,03207,2347
31,03306,2063
31,03405,36708
31,03504,117267
31,03603,2795
31,03702,8439
31,03751,6869
31,03801,2834
31,03900,9273
31,04007,106229
31,04106,10772
31,04205,40092
31,04304,15070
31,04403,2727
31,04452,5231
31,04502,17875
31,04601,14179
31,04700,12868
31,04809,4869
31,04908,19148
31,05004,7826
31,05103,23829
31,05202,4795
31,05301,5746
31,05400,32485
31,05509,5397
31,05608,137313
31,05707,5131
31,05905,20810
31,06002,10255
31,06101,3429
31,06200,2512070
31,06309,26700
31,06408,7715
31,06507,11932
31,06606,4604
31,06655,4735
31,06705,439340
31,06804,3379
31,06903,14494
31,07000,2515
31,07109,40127
31,07208,5090
31,07307,49979
31,07406,50605
31,07505,6474
31,07604,4217
31,07703,6083
31,07802,14935
31,07901,10547
31,08008,17603
31,08107,6868
31,08206,5493
31,08255,11230
31,08305,19412
31,08404,14971
31,08503,6319
31,08552,16538
31,08602,32347
31,08701,4333
31,08800,4801
31,08909,14459
31,09006,40103
31,09105,11001
31,09204,10365
31,09253,3982
31,09303,24841
31,09402,28056
31,09451,6949
31,09501,14075
31,09600,3603
31,09709,11547
31,09808,2692
31,09907,11624
31,10004,44718
31,10103,5496
31,10202,3987
31,10301,14480
31,10400,2901
31,10509,21770
31,10608,29551
31,10707,12814
31,10806,3721
31,10905,16665
31,11002,21055
31,11101,19745
31,11150,3817
31,11200,54029
31,11309,11655
31,11408,8151
31,11507,15461
31,11606,28774
31,11705,4563
31,11804,12150
31,11903,5603
31,12000,14886
31,12059,4525
31,12109,5438
31,12208,4653
31,12307,37784
31,12406,6920
31,12505,9754
31,12604,16173
31,12653,5468
31,12703,15234
31,12802,8632
31,12901,9298
31,13008,23685
31,13107,3183
31,13206,25501
31,13305,33000
31,13404,92062
31,13503,9405
31,13602,6757
31,13701,18837
31,13800,2632
31,13909,12170
31,14006,11476
31,14105,14859
31,14204,22478
31,14303,30329
31,14402,21225
31,14501,19355
31,14550,10027
31,14600,4047
31,14709,3579
31,14808,4478
31,14907,2257
31,15003,3075
31,15102,17740
31,15201,3954
31,15300,75123
31,15359,5376
31,15409,3641
31,15458,6311
31,15474,4986
31,15508,21656
31,15607,1164
31,15706,7032
31,15805,10350
31,15904,3154
31,16001,5704
31,16100,15356
31,16159,13680
31,16209,2687
31,16308,6787
31,16407,4843
31,16506,7551
31,16605,28617
31,16704,7556
31,16803,8873
31,16902,3111
31,17009,6929
31,17108,10292
31,17207,2812
31,17306,27893
31,17405,4574
31,17504,17842
31,17603,5507
31,17702,13638
31,17801,11638
31,17836,7642
31,17876,6730
31,17900,11950
31,18007,54762
31,18106,5045
31,18205,6939
31,18304,128589
31,18403,22921
31,18502,1783
31,18601,663855
31,18700,9159
31,18809,26602
31,18908,8890
31,19005,3538
31,19104,23731
31,19203,9991
31,19302,27974
31,19401,109855
31,19500,9222
31,19609,3086
31,19708,3434
31,19807,3215
31,19906,3704
31,19955,6337
31,20003,2771
31,20102,4410
31,20151,6704
31,20201,12798
31,20300,5971
31,20409,5150
31,20508,10242
31,20607,5034
31,20706,3626
31,20805,15417
31,20839,4982
31,20870,7729
31,20904,80129
31,21001,5410
31,21100,8025
31,21209,7114
31,21258,10533
31,21308,5013
31,21407,7243
31,21506,2901
31,21605,47723
31,21704,3802
31,21803,7729
31,21902,3417
31,22009,19931
31,22108,4979
31,22207,7571
31,22306,238230
31,22355,6786
31,22405,6011
31,22454,11019
31,22470,3677
31,22504,5072
31,22603,4195
31,22702,5237
31,22801,3001
31,22900,6572
31,23007,10153
31,23106,5169
31,23205,13483
31,23304,4259
31,23403,1527
31,23502,1908
31,23528,7841
31,23601,28076
31,23700,11134
31,23809,7242
31,23858,5370
31,23908,15298
31,24005,18895
31,24104,70552
31,24203,24951
31,24302,31617
31,24401,4692
31,24500,11354
31,24609,2343
31,24708,3500
31,24807,7978
31,24906,11275
31,25002,3913
31,25101,36225
31,25200,2377
31,25309,3241
31,25408,4753
31,25507,3167
31,25606,7457
31,25705,15336
31,25804,3431
31,25903,9820
31,25952,11006
31,26000,7461
31,26109,67683
31,26208,9562
31,26307,4412
31,26406,2947
31,26505,10332
31,26604,5215
31,26703,26277
31,26752,5391
31,26802,5880
31,26901,9611
31,26950,3478
31,27008,18103
31,27057,4581
31,27073,5369
31,27107,59496
31,27206,4349
31,27305,6817
31,27339,5109
31,27354,3150
31,27370,3353
31,27388,3966
31,27404,4350
31,27503,6158
31,27602,11825
31,27701,279885
31,27800,15836
31,27909,1388
31,28006,34319
31,28105,14245
31,28204,10324
31,28253,4972
31,28303,19021
31,28402,8911
31,28501,3796
31,28600,6580
31,28709,51917
31,28808,7078
31,28907,8039
31,29004,8392
31,29103,5639
31,29202,6558
31,29301,11004
31,29400,5021
31,29509,25199
31,29608,8395
31,29657,5400
31,29707,13828
31,29806,180204
31,29905,3488
31,30002,2989
31,30051,11990
31,30101,43045
31,30200,10860
31,30309,7947
31,30408,6550
31,30507,12375
31,30556,6903
31,30606,7328
31,30655,7351
31,30705,6891
31,30804,2767
31,30903,24140
31,31000,6271
31,31109,7515
31,31158,18607
31,31208,19861
31,31307,263410
31,31406,4221
31,31505,10079
31,31604,6987
31,31703,120060
31,31802,11512
31,31901,51875
31,32008,5385
31,32107,18153
31,32206,13358
31,32305,12760
31,32404,96869
31,32503,34735
31,32602,4355
31,32701,23211
31,32800,2081
31,32909,10192
31,33006,15579
31,33105,15331
31,33204,12228
31,33303,21062
31,33402,15243
31,33501,21762
31,33600,9783
31,33709,11146
31,33758,16108
31,33808,93214
31,33907,5419
31,34004,14990
31,34103,6051
31,34202,104671
31,34301,6023
31,34400,39263
31,34509,3788
31,34608,20143
31,34707,12326
31,34806,7686
31,34905,25979
31,35001,3133
31,35050,38909
31,35076,5404
31,35100,71648
31,35209,67742
31,35308,4350
31,35357,7969
31,35407,4912
31,35456,7692
31,35506,12386
31,35605,7531
31,35704,5211
31,35803,25391
31,35902,4787
31,36009,15432
31,36108,4573
31,36207,79910
31,36306,47452
31,36405,4695
31,36504,10812
31,36520,4501
31,36553,4995
31,36579,4867
31,36603,5725
31,36652,26946
31,36702,568873
31,36801,4331
31,36900,10563
31,36959,5724
31,37007,18111
31,37106,7613
31,37205,52165
31,37304,4102
31,37403,13009
31,37502,18052
31,37536,9532
31,37601,64527
31,37700,19923
31,37809,20814
31,37908,3391
31,38005,6810
31,38104,6512
31,38203,103773
31,38302,3229
31,38351,4918
31,38401,52587
31,38500,5069
31,38609,16698
31,38625,7536
31,38658,9661
31,38674,6266
31,38682,6699
31,38708,5446
31,38807,18215
31,38906,7111
31,39003,42133
31,39102,5098
31,39201,18650
31,39250,6543
31,39300,18407
31,39409,90229
31,39508,22707
31,39607,27644
31,39706,7976
31,39805,12814
31,39904,14095
31,40001,60724
31,40100,4115
31,40159,15416
31,40209,2973
31,40308,4039
31,40407,2755
31,40506,13388
31,40530,8417
31,40555,8586
31,40605,4459
31,40704,31086
31,40803,14468
31,40852,11157
31,40902,18908
31,41009,12459
31,41108,37820
31,41207,3749
31,41306,3802
31,41405,20820
31,41504,6446
31,41603,10739
31,41702,5605
31,41801,31484
31,41900,3894
31,42007,13589
31,42106,10754
31,42205,15014
31,42254,4888
31,42304,4919
31,42403,7517
31,42502,2220
31,42601,8688
31,42700,14877
31,42809,21120
31,42908,20854
31,43005,13166
31,43104,47809
31,43153,4906
31,43203,21524
31,43302,409341
31,43401,23803
31,43450,8249
31,43500,8863
31,43609,2462
31,43708,3182
31,43807,6029
31,43906,108763
31,44003,26979
31,44102,20569
31,44201,3220
31,44300,40750
31,44359,6996
31,44375,3311
31,44409,4730
31,44508,8608
31,44607,26769
31,44656,10295
31,44672,3190
31,44706,17578
31,44805,94889
31,44904,3600
31,45000,15545
31,45059,7500
31,45109,16723
31,45208,102693
31,45307,31331
31,45356,10755
31,45372,5299
31,45406,1747
31,45455,6096
31,45505,2787
31,45604,41687
31,45703,2133
31,45802,3148
31,45851,4655
31,45877,8018
31,45901,39500
31,46008,33639
31,46107,74281
31,46206,5934
31,46255,6378
31,46305,20154
31,46404,4486
31,46503,8283
31,46552,6089
31,46602,1529
31,46701,6616
31,46750,5507
31,46909,15674
31,47006,93158
31,47105,93969
31,47204,21513
31,47303,21083
31,47402,24540
31,47501,1649
31,47600,16344
31,47709,8084
31,47808,2039
31,47907,114679
31,47956,5972
31,48004,152488
31,48103,90757
31,48202,5684
31,48301,9571
31,48400,4830
31,48509,8450
31,48608,17541
31,48707,24324
31,48756,7097
31,48806,3052
31,48905,3972
31,49002,2504
31,49101,11195
31,49150,12107
31,49200,3635
31,49309,64258
31,49408,1807
31,49507,3320
31,49606,4406
31,49705,11506
31,49804,16168
31,49903,21390
31,49952,6810
31,50000,4252
31,50109,2748
31,50158,8566
31,50208,4140
31,50307,4497
31,50406,4982
31,50505,8660
31,50539,4941
31,50570,7507
31,50604,6409
31,50703,6199
31,50802,17626
31,50901,5472
31,51008,8596
31,51107,10752
31,51206,56428
31,51305,10787
31,51404,27989
31,51503,34691
31,51602,12133
31,51701,16791
31,51800,167397
31,51909,8432
31,52006,31812
31,52105,59742
31,52131,4261
31,52170,12121
31,52204,37906
31,52303,11279
31,52402,16555
31,52501,150737
31,52600,5940
31,52709,9031
31,52808,27856
31,52907,8603
31,53004,3603
31,53103,5369
31,53202,3641
31,53301,3002
31,53400,19573
31,53509,8317
31,53608,10733
31,53707,3563
31,53806,1939
31,53905,16354
31,54002,23762
31,54101,10517
31,54150,7154
31,54200,11500
31,54309,17397
31,54408,4808
31,54457,8136
31,54507,9481
31,54606,334858
31,54705,4033
31,54804,10312
31,54903,13564
31,55009,2610
31,55108,5150
31,55207,5474
31,55306,5832
31,55405,8949
31,55504,12313
31,55603,30914
31,55702,14339
31,55801,17910
31,55900,5476
31,56007,12846
31,56106,4604
31,56205,2305
31,56304,8109
31,56403,3533
31,56452,4594
31,56502,5995
31,56601,10241
31,56700,136344
31,56809,15470
31,56908,26185
31,57005,41527
31,57104,7009
31,57203,31324
31,57252,8147
31,57278,3150
31,57302,4430
31,57336,8604
31,57377,4142
31,57401,4758
31,57500,4409
31,57609,3846
31,57658,6366
31,57708,14003
31,57807,219134
31,57906,16208
31,58003,10847
31,58102,5232
31,58201,14615
31,58300,7100
31,58409,3872
31,58508,7642
31,58607,3976
31,58706,2458
31,58805,4821
31,58904,8674
31,58953,34663
31,59001,4295
31,59100,3777
31,59209,8949
31,59308,4884
31,59357,7212
31,59407,3425
31,59506,5489
31,59605,43260
31,59704,3350
31,59803,19742
31,59902,18525
31,60009,3602
31,60108,3911
31,60207,3838
31,60306,11640
31,60405,28243
31,60454,7277
31,60504,1765
31,60603,3087
31,60702,46487
31,60801,5286
31,60900,3738
31,60959,5644
31,61007,17359
31,61056,3369
31,61106,56323
31,61205,6527
31,61304,6238
31,61403,4844
31,61502,12366
31,61601,3962
31,61650,4012
31,61700,8389
31,61809,12411
31,61908,10920
31,62005,25449
31,62104,35469
31,62203,7453
31,62252,4915
31,62302,2749
31,62401,25165
31,62450,13014
31,62500,90082
31,62559,11559
31,62575,5859
31,62609,7498
31,62658,4419
31,62708,23618
31,62807,15774
31,62906,26361
31,62922,31578
31,62948,7426
31,62955,23766
31,63003,4268
31,63102,5004
31,63201,4196
31,63300,3860
31,63409,5420
31,63508,6453
31,63607,2791
31,63706,45851
31,63805,6938
31,63904,4659
31,64001,7781
31,64100,5246
31,64209,12337
31,64308,7051
31,64407,5504
31,64431,3007
31,64472,6555
31,64506,10044
31,64605,6775
31,64704,70956
31,64803,1506
31,64902,2241
31,65008,10941
31,65107,7021
31,65206,7089
31,65305,7753
31,65404,6930
31,65503,6300
31,65537,32752
31,65552,12258
31,65560,2633
31,65578,5356
31,65602,2005
31,65701,7812
31,65800,1502
31,65909,4156
31,66006,5786
31,66105,3523
31,66204,10459
31,66303,7326
31,66402,1851
31,66501,4293
31,66600,781
31,66709,8699
31,66808,11582
31,66907,7669
31,66956,4781
31,67004,1963
31,67103,20966
31,67202,239639
31,67301,2261
31,67400,6238
31,67509,2615
31,67608,19633
31,67707,5553
31,67806,6151
31,67905,3750
31,68002,34132
31,68051,3110
31,68101,4773
31,68200,1875
31,68309,4077
31,68408,14326
31,68507,11661
31,68606,140592
31,68705,89842
31,68804,7981
31,68903,6480
31,69000,16659
31,69059,4101
31,69109,6258
31,69208,8022
31,69307,79482
31,69356,32356
31,69406,56746
31,69505,6732
31,69604,25327
31,69703,19964
31,69802,5040
31,69901,115552
31,70008,12533
31,70057,12471
31,70107,333783
31,70206,691305
31,70305,2611
31,70404,84378
31,70438,4304
31,70479,3264
31,70503,10358
31,70529,16865
31,70578,6480
31,70602,2153
31,70651,5007
31,70701,135558
31,70750,7036
31,70800,39493
31,70909,19320
31,71006,20590
31,71030,9355
31,71071,5720
31,71105,3999
31,71154,4839
31,71204,127601
31,71303,78846
31,71402,3608
31,71501,3203
31,71600,13752
31,71709,8674
31,71808,10510
31,71907,5380
31,72004,42564
31,72103,5252
31,72202,2552
32,00102,30586
32,00136,9642
32,00169,11019
32,00201,30084
32,00300,14601
32,00359,7836
32,00409,29263
32,00508,7567
32,00607,101220
32,00706,11936
32,00805,30998
32,00904,44650
32,01001,15037
32,01100,9936
32,01159,12404
32,01209,208972
32,01308,381285
32,01407,37534
32,01506,122499
32,01605,31063
32,01704,12723
32,01803,4304
32,01902,33850
32,02009,6749
32,02108,22923
32,02207,21509
32,02256,12709
32,02306,30867
32,02405,124859
32,02454,26082
32,02504,12479
32,02553,8889
32,02603,13860
32,02652,13377
32,02702,14066
32,02801,34348
32,02900,10555
32,03007,29161
32,03056,30477
32,03106,12192
32,03130,16668
32,03163,10947
32,03205,173555
32,03304,15350
32,03320,38499
32,03346,16694
32,03353,12833
32,03403,26153
32,03502,18833
32,03601,5524
32,03700,17465
32,03809,15449
32,03908,50110
32,04005,23184
32,04054,26184
32,04104,27047
32,04203,21711
32,04252,7863
32,04302,11574
32,04351,19141
32,04401,11622
32,04500,12224
32,04559,40431
32,04609,23590
32,04658,8638
32,04708,37947
32,04807,10556
32,04906,130611
32,04955,12415
32,05002,517510
32,05010,30070
32,05036,21402
32,05069,25277
32,05101,78239
32,05150,9208
32,05176,14080
32,05200,493838
32,05309,362097
33,00100,203785
33,00159,11759
33,00209,132400
33,00225,12572
33,00233,33870
33,00258,30349
33,00308,100374
33,00407,184412
33,00456,510906
33,00506,27446
33,00605,37096
33,00704,226525
33,00803,58937
33,00902,15505
33,00936,16301
33,00951,8561
33,01009,507548
33,01108,20172
33,01157,12823
33,01207,18895
33,01306,44184
33,01405,23228
33,01504,21926
33,01603,11492
33,01702,919596
33,01801,14002
33,01850,60517
33,01876,28310
33,01900,240592
33,02007,133019
33,02056,15207
33,02106,23234
33,02205,103224
33,02254,31805
33,02270,104768
33,02304,7355
33,02403,256672
33,02452,5599
33,02502,245071
33,02601,44468
33,02700,161207
33,02809,18614
33,02858,176103
33,02908,25538
33,03005,27174
33,03104,15317
33,03203,162485
33,03302,513584
33,03401,190631
33,03500,821128
33,03609,52257
33,03708,44285
33,03807,43165
33,03856,27769
33,03906,306191
33,03955,25156
33,04003,29277
33,04102,18847
33,04110,19683
33,04128,14302
33,04144,150319
33,04151,24700
33,04201,131341
33,04300,60201
33,04409,18529
33,04508,9284
33,04524,150674
33,04557,6718903
33,04607,10404
33,04706,42479
33,04755,42205
33,04805,38669
33,04904,1084839
33,05000,36102
33,05109,472406
33,05133,7171
33,05158,21795
33,05208,104476
33,05307,9357
33,05406,18228
33,05505,89170
33,05554,82312
33,05604,21774
33,05703,15623
33,05752,34309
33,05802,182594
33,05901,10626
33,06008,81804
33,06107,76523
33,06156,11000
33,06206,36896
33,06305,273012
35,00105,35068
35,00204,3562
35,00303,36305
35,00402,8180
35,00501,18705
35,00550,6075
35,00600,3451
35,00709,37214
35,00758,6025
35,00808,4166
35,00907,4160
35,01004,16184
35,01103,4099
35,01152,18628
35,01202,3679
35,01301,24915
35,01400,5227
35,01509,3222
35,01608,239597
35,01707,40504
35,01806,5969
35,01905,72195
35,02002,4995
35,02101,57157
35,02200,25228
35,02309,6724
35,02408,4115
35,02507,36157
35,02606,4196
35,02705,24374
35,02754,22364
35,02804,197016
35,02903,34146
35,03000,5620
35,03109,6357
35,03158,2469
35,03208,236072
35,03307,134236
35,03356,1791
35,03406,8560
35,03505,3886
35,03604,11129
35,03703,9668
35,03802,54408
35,03901,89824
35,03950,1822
35,04008,104386
35,04107,142761
35,04206,15189
35,04305,5403
35,04404,13649
35,04503,90655
35,04602,17502
35,04701,5735
35,04800,9068
35,04909,10945
35,05005,3469
35,05104,7402
35,05203,35264
35,05302,36126
35,05351,5724
35,05401,7659
35,05500,122098
35,05609,32812
35,05708,274182
35,05807,20953
35,05906,62508
35,06003,376818
35,06102,77496
35,06201,2980
35,06300,11148
35,06359,63249
35,06409,8034
35,06508,123638
35,06607,32598
35,06706,14923
35,06805,12329
35,06904,11730
35,07001,60997
35,07100,25448
35,07159,3954
35,07209,837
35,07308,4823
35,07407,16046
35,07456,2653
35,07506,146497
35,07605,168668
35,07704,5686
35,07753,2865
35,07803,24939
35,07902,24403
35,08009,19878
35,08108,17144
35,08207,4481
35,08306,4264
35,08405,49707
35,08504,94263
35,08603,33327
35,08702,18985
35,08801,17767
35,08900,4191
35,09007,101470
35,09106,5874
35,09205,76801
35,09254,28549
35,09304,10542
35,09403,26167
35,09452,6024
35,09502,1204073
35,09601,84650
35,09700,52088
35,09809,4965
35,09908,12540
35,09957,5138
35,10005,31280
35,10104,2793
35,10153,5216
35,10203,47138
35,10302,20706
35,10401,55768
35,10500,121532
35,10609,400927
35,10708,12326
35,10807,30380
35,10906,2523
35,11003,21006
35,11102,121862
35,11201,7804
35,11300,9237
35,11409,19985
35,11508,48949
35,11607,18148
35,11706,17190
35,11904,8617
35,12001,18468
35,12100,6210
35,12209,28050
35,12308,17896
35,12407,24528
35,12506,6058
35,12605,4681
35,12704,4055
35,12803,72252
35,12902,7307
35,13009,249210
35,13108,35292
35,13207,8631
35,13306,2073
35,13405,82238
35,13504,130705
35,13603,21547
35,13702,33718
35,13801,423884
35,13850,1793
35,13900,11146
35,14007,8929
35,14106,27315
35,14205,2115
35,14304,8873
35,14403,46793
35,14502,12445
35,14601,9868
35,14700,6102
35,14809,15494
35,14908,17772
35,14924,3651
35,14957,2452
35,15004,273726
35,15103,69385
35,15129,3214
35,15152,20773
35,15186,44330
35,15194,4829
35,15202,8419
35,15301,2766
35,15350,9371
35,15400,16036
35,15509,69116
35,15608,5783
35,15657,1716
35,15707,194276
35,15806,1464
35,15905,2917
35,16002,14640
35,16101,2676
35,16200,353187
35,16309,175844
35,16408,154489
35,16507,2776
35,16606,6548
35,16705,44390
35,16804,4808
35,16853,4789
35,16903,10869
35,17000,11409
35,17109,4815
35,17208,12168
35,17307,5765
35,17406,40790
35,17505,21454
35,17604,17157
35,17703,21220
35,17802,8323
35,17901,11188
35,18008,2000
35,18107,6664
35,18206,32939
35,18305,29798
35,18404,121798
35,18503,18520
35,18602,40105
35,18701,320459
35,18800,1379182
35,18859,7656
35,18909,5267
35,19006,9526
35,19055,14930
35,19071,230851
35,19105,11710
35,19204,6321
35,19253,9240
35,19303,35104
35,19402,12393
35,19501,7753
35,19600,60033
35,19709,78878
35,19808,8243
35,19907,8159
35,20004,24674
35,20103,30432
35,20202,9534
35,20301,30857
35,20400,34970
35,20426,11166
35,20442,26686
35,20509,251627
35,20608,4885
35,20707,3897
35,20806,3991
35,20905,14971
35,21002,37133
35,21101,7546
35,21150,5392
35,21200,4218
35,21309,16409
35,21408,24235
35,21507,7993
35,21606,8294
35,21705,17556
35,21804,27125
35,21903,15262
35,22000,3835
35,22109,101816
35,22158,3328
35,22208,175693
35,22307,163901
35,22406,94354
35,22505,237700
35,22604,74773
35,22653,4241
35,22703,43120
35,22802,15149
35,22901,13992
35,23008,4906
35,23107,370821
35,23206,50503
35,23305,17436
35,23404,120858
35,23503,20697
35,23602,18157
35,23701,6499
35,23800,7841
35,23909,173939
35,24006,61252
35,24105,41824
35,24204,6929
35,24303,77263
35,24402,233662
35,24501,7067
35,24600,17866
35,24709,57488
35,24808,49107
35,24907,6602
35,25003,124937
35,25102,44380
35,25201,30044
35,25300,150252
35,25409,3159
35,25508,13220
35,25607,4523
35,25706,37015
35,25805,4776
35,25854,3367
35,25904,418962
35,26001,20679
35,26100,18812
35,26209,31444
35,26308,4896
35,26407,28516
35,26506,11980
35,26605,7260
35,26704,103391
35,26803,68432
35,26902,306114
35,27009,7980
35,27108,78013
35,27207,88706
35,27256,2289
35,27306,48885
35,27405,21747
35,27504,2394
35,27603,14947
35,27702,5790
35,27801,4584
35,27900,2649
35,28007,17163
35,28106,8120
35,28205,3698
35,28304,3119
35,28403,47150
35,28502,100179
35,28601,9846
35,28700,5853
35,28809,14002
35,28858,3031
35,28908,4084
35,29005,238882
35,29104,2112
35,29203,26461
35,29302,83170
35,29401,472912
35,29500,5490
35,29609,3836
35,29658,1908
35,29708,22226
35,29807,12908
35,29906,19779
35,30003,3086
35,30102,29564
35,30201,18259
35,30300,59824
35,30409,4871
35,30508,68885
35,30607,445842
35,30706,151888
35,30805,93189
35,30904,3493
35,31001,2259
35,31100,56702
35,31209,8038
35,31308,50498
35,31407,25087
35,31506,19008
35,31605,4166
35,31704,4653
35,31803,59772
35,31902,32968
35,32009,13622
35,32058,4758
35,32108,4486
35,32157,3141
35,32207,4857
35,32306,6661
35,32405,18524
35,32504,8930
35,32603,11478
35,32702,5213
35,32801,6973
35,32827,9755
35,32843,1881
35,32868,1267
35,32900,11186
35,33007,21500
35,33106,2316
35,33205,3969
35,33254,5830
35,33304,4101
35,33403,60174
35,33502,41052
35,33601,7432
35,33700,4289
35,33809,2496
35,33908,54772
35,34005,4381
35,34104,6515
35,34203,7066
35,34302,44028
35,34401,698418
35,34500,2603
35,34609,32879
35,34708,113542
35,34757,10361
35,34807,8562
35,34906,14197
35,35002,12957
35,35101,13275
35,35200,9283
35,35309,22221
35,35408,15777
35,35507,45703
35,35606,18222
35,35705,6454
35,35804,20197
35,35903,4078
35,36000,10964
35,36109,6435
35,36208,19648
35,36257,2161
35,36307,14670
35,36406,7366
35,36505,109424
35,36570,1833
35,36604,8945
35,36703,46687
35,36802,6093
35,36901,2494
35,37008,16744
35,37107,47919
35,37156,3093
35,37206,11331
35,37305,63407
35,37404,25669
35,37503,8668
35,37602,68284
35,37701,5980
35,37800,55348
35,37909,29185
35,38006,168328
35,38105,17049
35,38204,15207
35,38303,3692
35,38501,13657
35,38600,27303
35,38709,404142
35,38808,29806
35,38907,25492
35,39004,11417
35,39103,18895
35,39202,27527
35,39301,76409
35,39400,13636
35,39509,39719
35,39608,5237
35,39707,3550
35,39806,117452
35,39905,6059
35,40002,22014
35,40101,3416
35,40200,49961
35,40259,4628
35,40309,2577
35,40408,4169
35,40507,9925
35,40606,53098
35,40705,56150
35,40754,24643
35,40804,17361
35,40853,4093
35,40903,21496
35,41000,325073
35,41059,5261
35,41109,4094
35,41208,13106
35,41307,44200
35,41406,228743
35,41505,39516
35,41604,40432
35,41653,3804
35,41703,14109
35,41802,3406
35,41901,13420
35,42008,6638
35,42107,9076
35,42206,29707
35,42305,3851
35,42404,20261
35,42503,9621
35,42602,56322
35,42701,7593
35,42800,3340
35,42909,13219
35,43006,16444
35,43105,4718
35,43204,4541
35,43238,2225
35,43253,7673
35,43303,123393
35,43402,703293
35,43501,5524
35,43600,3629
35,43709,10799
35,43808,9981
35,43907,206424
35,44004,35228
35,44103,50846
35,44202,12518
35,44251,16643
35,44301,10712
35,44400,3128
35,44509,3148
35,44608,5590
35,44707,2432
35,44806,6331
35,44905,11890
35,45001,17139
35,45100,5300
35,45159,8286
35,45209,118663
35,45308,45422
35,45407,9331
35,45506,4302
35,45605,15480
35,45704,6008
35,45803,193475
35,46009,14788
35,46108,2115
35,46207,4503
35,46256,2139
35,46306,34361
35,46405,47673
35,46504,5599
35,46603,32322
35,46702,26898
35,46801,57386
35,46900,8817
35,47007,6173
35,47106,2939
35,47205,1487
35,47304,139447
35,47403,2498
35,47502,27557
35,47601,26540
35,47650,1545
35,47700,20878
35,47809,718773
35,47908,6929
35,48005,23310
35,48054,8420
35,48104,5954
35,48203,6811
35,48302,3111
35,48401,4777
35,48500,433311
35,48609,10878
35,48708,838936
35,48807,161127
35,48906,251983
35,49003,2821
35,49102,91211
35,49201,2568
35,49250,1922
35,49300,2105
35,49409,51888
35,49508,8928
35,49607,4147
35,49706,54946
35,49805,460671
35,49904,721944
35,49953,15825
35,50001,10687
35,50100,40954
35,50209,32931
35,50308,12252023
35,50407,35653
35,50506,7666
35,50605,91016
35,50704,88980
35,50803,12182
35,50902,15322
35,51009,365798
35,51108,10285
35,51207,3638
35,51306,3513
35,51405,14662
35,51504,45107
35,51603,29229
35,51702,125815
35,51801,12832
35,51900,17496
35,52007,6302
35,52106,41005
35,52205,679378
35,52304,7718
35,52403,282441
35,52502,297637
35,52551,3963
35,52601,12407
35,52700,16496
35,52809,289664
35,52908,6285
35,53005,13859
35,53104,6295
35,53203,5566
35,53302,23207
35,53401,25967
35,53500,7807
35,53609,12960
35,53658,2811
35,53708,57177
35,53807,23218
35,53856,5852
35,53906,7468
35,53955,15000
35,54003,121766
35,54102,314924
35,54201,4532
35,54300,23148
35,54409,9370
35,54508,42076
35,54607,2658
35,54656,2412
35,54706,10010
35,54755,1724
35,54805,47185
35,54904,5807
35,54953,6894
35,55000,65524
35,55109,15495
35,55208,2016
35,55307,1727
35,55356,6309
35,55406,90799
35,55505,4780
35,55604,10110
35,55703,1844
35,55802,9114
35,55901,1165
35,56008,13809
35,56107,13326
35,56206,129193
35,56305,26480
35,56354,10537
35,56404,42845
35,56453,52597
35,56503,121838
35,56602,10843
35,56701,78728
35,56800,18898
35,56909,8810
35,56958,1840
35,57006,122480
35,57105,94547
35,57154,2718
35,57204,12418
35,57303,11304
41,00103,7457
41,00202,5919
41,00301,9371
41,00400,118623
41,00459,1942
41,00509,22056
41,00608,14770
41,00707,9836
41,00806,11406
41,00905,6257
41,01002,19152
41,01051,2801
41,01101,20031
41,01150,2928
41,01200,18980
41,01309,7434
41,01408,134996
41,01507,123027
41,01606,28115
41,01655,3068
41,01705,13970
41,01804,143843
41,01853,2108
41,01903,15119
41,02000,33362
41,02109,26111
41,02208,3892
41,02307,12941
41,02406,31367
41,02505,11568
41,02604,10275
41,02703,2781
41,02752,3511
41,02802,15397
41,02901,16389
41,03008,4105
41,03024,2503
41,03040,6387
41,03057,7591
41,03107,12944
41,03156,3541
41,03206,7032
41,03222,3264
41,03305,6592
41,03354,5427
41,03370,2651
41,03404,2934
41,03453,18120
41,03479,4044
41,03503,8570
41,03602,25360
41,03701,106533
41,03800,7865
41,03909,14202
41,03958,3887
41,04006,43288
41,04055,3833
41,04105,7971
41,04204,132002
41,04253,29318
41,04303,94859
41,04402,15018
41,04428,15979
41,04451,13317
41,04501,19124
41,04600,15780
41,04659,23415
41,04709,14320
41,04808,328454
41,04907,71484
41,05003,10189
41,05102,10827
41,05201,17779
41,05300,11765
41,05409,19254
41,05508,82620
41,05607,12652
41,05706,16559
41,05805,243726
41,05904,24012
41,06001,8818
41,06100,3860
41,06209,18584
41,06308,17071
41,06407,47845
41,06456,7497
41,06506,20734
41,06555,3219
41,06571,4252
41,06605,20932
41,06704,4469
41,06803,18708
41,06852,2950
41,06902,1933105
41,07009,15101
41,07108,5087
41,07124,3439
41,07157,5253
41,07207,40641
41,07256,8747
41,07306,5979
41,07405,5961
41,07504,14000
41,07520,1698
41,07538,4539
41,07546,4117
41,07553,3089
41,07603,17251
41,07652,100209
41,07702,4762
41,07736,5646
41,07751,7770
41,07801,4929
41,07850,4624
41,07900,6774
41,08007,10548
41,08106,2689
41,08205,6578
41,08304,258532
41,08320,6046
41,08403,91093
41,08452,4650
41,08502,13710
41,08551,2946
41,08601,28884
41,08650,7111
41,08700,5618
41,08809,33119
41,08908,6581
41,08957,8739
41,09005,3802
41,09104,2243
41,09203,5502
41,09302,12472
41,09401,181504
41,09500,7636
41,09609,37067
41,09658,5211
41,09708,31364
41,09757,6352
41,09807,54558
41,09906,7904
41,10003,4404
41,10052,2256
41,10078,13111
41,10102,32564
41,10201,11125
41,10300,3109
41,10409,4457
41,10508,15172
41,10607,13926
41,10656,2288
41,10706,60727
41,10805,10169
41,10904,4466
41,10953,11176
41,11001,6582
41,11100,6108
41,11209,11964
41,11258,28634
41,11308,2865
41,11407,13879
41,11506,31984
41,11555,8185
41,11605,3259
41,11704,5274
41,11803,39378
41,11902,13620
41,12009,34857
41,12108,21176
41,12207,5245
41,12306,4994
41,12405,9425
41,12504,11328
41,12603,1331
41,12702,12588
41,12751,8412
41,12801,11908
41,12900,3292
41,12959,7340
41,13007,7013
41,13106,4100
41,13205,48163
41,13254,5852
41,13304,32073
41,13403,3954
41,13429,3310
41,13452,4676
41,13502,23086
41,13601,4787
41,13700,569733
41,13734,7262
41,13759,4794
41,13809,4920
41,13908,13630
41,14005,13132
41,14104,22819
41,14203,34400
41,14302,26869
41,14351,2571
41,14401,16714
41,14500,13502
41,14609,52944
41,14708,5677
41,14807,35496
41,14906,8836
41,15002,7076
41,15101,10345
41,15200,423666
41,15309,6610
41,15358,5603
41,15408,14367
41,15457,4405
41,15507,4679
41,15606,17943
41,15705,34720
41,15739,3272
41,15754,10601
41,15804,46198
41,15853,5536
41,15903,2213
41,16000,1806
41,16059,10702
41,16109,12121
41,16208,16406
41,16307,3984
41,16406,4008
41,16505,1543
41,16604,3445
41,16703,10472
41,16802,5302
41,16901,27904
41,16950,5046
41,17008,8153
41,17057,11554
41,17107,13213
41,17206,5806
41,17214,4249
41,17222,8219
41,17255,10548
41,17271,5649
41,17297,2844
41,17305,22141
41,17404,3428
41,17453,5996
41,17503,41281
41,17602,50986
41,17701,33877
41,17800,13172
41,17909,31846
41,18006,13830
41,18105,11472
41,18204,154936
41,18303,3203
41,18402,88374
41,18451,5610
41,18501,82881
41,18600,5873
41,18709,7354
41,18808,13996
41,18857,6127
41,18907,11234
41,19004,6347
41,19103,12746
41,19152,132157
41,19202,6326
41,19251,2731
41,19301,32391
41,19400,25463
41,19509,113036
41,19608,30310
41,19657,3224
41,19707,4263
41,19806,13479
41,19905,351736
41,19954,27284
41,20002,12914
41,20101,4848
41,20150,3237
41,20200,2559
41,20309,4065
41,20333,3753
41,20358,5157
41,20408,5306
41,20507,11123
41,20606,52241
41,20655,4512
41,20705,7449
41,20804,23559
41,20853,4015
41,20903,34103
41,21000,12206
41,21109,4573
41,21208,19049
41,21257,4451
41,21307,3808
41,21356,2655
41,21406,16922
41,21505,14899
41,21604,6802
41,21703,26715
41,21752,8010
41,21802,10668
41,21901,13029
41,22008,15236
41,22107,3203
41,22156,13269
41,22172,4096
41,22206,32397
41,22305,34170
41,22404,66580
41,22503,9849
41,22602,9579
41,22651,4786
41,22701,6827
41,22800,3580
41,22909,4935
41,23006,14785
41,23105,3324
41,23204,3334
41,23303,7800
41,23402,12037
41,23501,26490
41,23600,1596
41,23709,8562
41,23808,14659
41,23824,3813
41,23857,9615
41,23907,11724
41,23956,3981
41,24004,4992
41,24020,10139
41,24053,23465
41,24103,45993
41,24202,2641
41,24301,2106
41,24400,20166
41,24509,5438
41,24608,6878
41,24707,11170
41,24806,10241
41,24905,5855
41,25001,10219
41,25100,15120
41,25209,9050
41,25308,5551
41,25357,5641
41,25407,6206
41,25456,3654
41,25506,323340
41,25555,2160
41,25605,46261
41,25704,27452
41,25753,5897
41,25803,10981
41,25902,2313
41,26009,8853
41,26108,5722
41,26207,6736
41,26256,96688
41,26272,5500
41,26306,19327
41,26355,4495
41,26405,5284
41,26504,16369
41,26603,21016
41,26652,2981
41,26678,14797
41,26702,5120
41,26801,16205
41,26900,5539
41,27007,12367
41,27106,78974
41,27205,17094
41,27304,16789
41,27403,17481
41,27502,20522
41,27601,16868
41,27700,140635
41,27809,7918
41,27858,12040
41,27882,8769
41,27908,8566
41,27957,8124
41,27965,13215
41,28005,21013
41,28104,111557
41,28203,57517
41,28302,2605
41,28401,11314
41,28500,19414
41,28534,11892
41,28559,8521
41,28609,7257
41,28625,2741
41,28633,5580
41,28658,4023
41,28708,6838
41,28807,5679
42,00051,2563
42,00101,17904
42,00200,10864
42,00309,5448
42,00408,7145
42,00507,6486
42,00556,2366
42,00606,6469
42,00705,10036
42,00754,1937
42,00804,5638
42,00903,4801
42,01000,7133
42,01109,3232
42,01208,8513
42,01257,10743
42,01273,4267
42,01307,38129
42,01406,68228
42,01505,8674
42,01604,3550
42,01653,2240
42,01703,7934
42,01802,3210
42,01901,5679
42,01950,13071
42,02008,142295
42,02057,10795
42,02073,10979
42,02081,2678
42,02099,1677
42,02107,29168
42,02131,6337
42,02156,2706
42,02206,11652
42,02305,68481
42,02404,357199
42,02438,3474
42,02453,19769
42,02503,4743
42,02537,3010
42,02578,2142
42,02602,9966
42,02701,5246
42,02800,33450
42,02859,3743
42,02875,2420
42,02909,134723
42,03006,78595
42,03105,6148
42,03154,3346
42,03204,82989
42,03253,2525
42,03303,11978
42,03402,7016
42,03501,8526
42,03600,36244
42,03709,12240
42,03808,54401
42,03907,22848
42,03956,24871
42,04004,10861
42,04103,3642
42,04152,2728
42,04178,3124
42,04194,2988
42,04202,220367
42,04251,16684
42,04301,74641
42,04350,4453
42,04400,9981
42,04459,2549
42,04509,15909
42,04558,12795
42,04608,215186
42,04707,11086
42,04756,1962
42,04806,39745
42,04905,8250
42,05001,15498
42,05100,4146
42,05159,4064
42,05175,3203
42,05191,2063
42,05209,4412
42,05308,10667
42,05357,1582
42,05407,500973
42,05431,2510
42,05456,26793
42,05506,36443
42,05555,2023
42,05605,2873
42,05704,23078
42,05803,18145
42,05902,69639
42,06009,14471
42,06108,6569
42,06207,11501
42,06306,23832
42,06405,10090
42,06504,44819
42,06603,5160
42,06652,4704
42,06702,22606
42,06751,1957
42,06801,3202
42,06900,18950
42,07007,56421
42,07106,14184
42,07205,10135
42,07304,44853
42,07403,6197
42,07502,69425
42,07577,2945
42,07601,4446
42,07650,8996
42,07684,7514
42,07700,7593
42,07759,3976
42,07809,10419
42,07858,1930
42,07908,11222
42,08005,6169
42,08104,21669
42,08203,219536
42,08302,65312
42,08401,16872
42,08450,20576
42,08500,25086
42,08609,3936
42,08708,10416
42,08807,20024
42,08906,177697
42,08955,1570
42,09003,30118
42,09102,590466
42,09151,4997
42,09177,2101
42,09201,2246
42,09300,157544
42,09409,45814
42,09458,1427
42,09508,6970
42,09607,15244
42,09706,12107
42,09805,3041
42,09854,4563
42,09904,12130
42,10001,12859
42,10035,5685
42,10050,1775
42,10100,56292
42,10209,3442
42,10308,8103
42,10407,7293
42,10506,25762
42,10555,1797
42,10605,16916
42,10704,2520
42,10803,7015
42,10852,2309
42,10902,4209
42,11009,11742
42,11058,9866
42,11108,8275
42,11207,17796
42,11256,2893
42,11306,81475
42,11405,5019
42,11454,4331
42,11504,14549
42,11603,15166
42,11652,2442
42,11702,22912
42,11751,18744
42,11801,7295
42,11850,2217
42,11876,1505
42,11892,2359
42,11900,171797
42,12007,7423
42,12056,2627
42,12106,16169
42,12205,19320
42,12239,3437
42,12254,8823
42,12270,4147
42,12304,7494
42,12403,3976
42,12502,32531
42,12601,2787
42,12650,10091
42,12700,5937
42,12809,23147
42,12908,20313
42,13005,3555
42,13104,3854
42,13153,2870
42,13203,33447
42,13302,4682
42,13351,3414
42,13401,11593
42,13500,21388
42,13609,35398
42,13708,17453
42,13807,7319
42,13906,1568
42,14003,17471
42,14102,2287
42,14151,2924
42,14201,9887
42,14300,2878
42,14409,6205
42,14508,5940
42,14607,7489
42,14706,11676
42,14805,71061
42,14904,4611
42,15000,42302
42,15059,2483
42,15075,4598
42,15109,11551
42,15208,4786
42,15307,7642
42,15356,3781
42,15406,4718
42,15455,12678
42,15505,16830
42,15554,2223
42,15604,2142
42,15653,8358
42,15679,8787
42,15687,2428
42,15695,1260
42,15703,23245
42,15752,2336
42,15802,84507
42,15901,2838
42,16008,11281
42,16057,5549
42,16107,9445
42,16206,52721
42,16255,6381
42,16305,37424
42,16354,3733
42,16404,7297
42,16503,26952
42,16602,246586
42,16701,13829
42,16800,8295
42,16909,24076
42,17006,13410
42,17105,3180
42,17154,1820
42,17204,40482
42,17253,5823
42,17303,9745
42,17402,21365
42,17501,17541
42,17550,3263
42,17600,14007
42,17709,30374
42,17758,2461
42,17808,18395
42,17907,8676
42,17956,1633
42,18004,38407
42,18103,5348
42,18202,44238
42,18251,7877
42,18301,19275
42,18350,3929
42,18400,7081
42,18509,7840
42,18608,7360
42,18707,105686
42,18756,4543
42,18806,12899
42,18855,2464
42,18905,11235
42,18954,2465
42,19002,21268
42,19101,3573
42,19150,2477
42,19176,4492
42,19200,6338
42,19309,53065
42,19358,4979
42,19408,3965
42,19507,50982
42,19606,3933
42,19705,28706
42,19853,3363
42,20000,12760
43,00034,4901
43,00059,3748
43,00109,16461
43,00208,7024
43,00307,5950
43,00406,73589
43,00455,3464
43,00471,1964
43,00505,6258
43,00554,1638
43,00570,3028
43,00604,210305
43,00638,7031
43,00646,7409
43,00661,1333
43,00703,5981
43,00802,13050
43,00851,3581
43,00877,5698
43,00901,6235
43,01008,20805
43,01057,10065
43,01073,2937
43,01107,14151
43,01206,13373
43,01305,18293
43,01404,10424
43,01503,6661
43,01552,3554
43,01602,121143
43,01636,14068
43,01651,6171
43,01701,6623
43,01750,7487
43,01800,5275
43,01859,3248
43,01875,4215
43,01909,13491
43,01925,1690
43,01958,2539
43,02006,11199
43,02055,1994
43,02105,120454
43,02154,2098
43,02204,6712
43,02220,2470
43,02238,2603
43,02253,2783
43,02303,11349
43,02352,14055
43,02378,1942
43,02402,12328
43,02451,7714
43,02501,6279
43,02584,2123
43,02600,3353
43,02659,5074
43,02709,20941
43,02808,33624
43,02907,12561
43,03004,82201
43,03103,130293
43,03202,5065
43,03301,4846
43,03400,4743
43,03509,66261
43,03558,2733
43,03608,6431
43,03673,3388
43,03707,5474
43,03806,5454
43,03905,66712
43,04002,4484
43,04101,3320
43,04200,31365
43,04309,6198
43,04358,9584
43,04408,44998
43,04507,56045
43,04606,346616
43,04614,1716
43,04622,1654
43,04630,53049
43,04655,3651
43,04663,25354
43,04671,4660
43,04689,11940
43,04697,2757
43,04705,62110
43,04713,8270
43,04804,29833
43,04853,1377
43,04903,9031
43,04952,3202
43,05009,8774
43,05108,510906
43,05116,2891
43,05124,6091
43,05132,4691
43,05157,2311
43,05173,12239
43,05207,14133
43,05306,9269
43,05355,40789
43,05371,3279
43,05405,3756
43,05439,6704
43,05447,5441
43,05454,16254
43,05504,4747
43,05587,2438
43,05603,3175
43,05702,6753
43,05801,9911
43,05835,1501
43,05850,2306
43,05871,2519
43,05900,7325
43,05934,1628
43,05959,3853
43,05975,2756
43,06007,13448
43,06056,8009
43,06072,2847
43,06106,60299
43,06130,1833
43,06205,12348
43,06304,4740
43,06320,2805
43,06353,2427
43,06379,3014
43,06403,32671
43,06429,2026
43,06452,3400
43,06502,15414
43,06551,2534
43,06601,38461
43,06700,3041
43,06734,4549
43,06759,1983
43,06767,41285
43,06809,22706
43,06908,25877
43,06924,1034
43,06932,8475
43,06957,2792
43,06973,2991
43,07005,105862
43,07054,3168
43,07104,6821
43,07203,4859
43,07302,6912
43,07401,3282
43,07450,2926
43,07500,15588
43,07559,5958
43,07609,50022
43,07708,83202
43,07807,34116
43,07815,3655
43,07831,2396
43,07864,2731
43,07906,72331
43,08003,6677
43,08052,2315
43,08078,4533
43,08102,13547
43,08201,30745
43,08250,1766
43,08300,10304
43,08409,6664
43,08433,2412
43,08458,4320
43,08508,31313
43,08607,35070
43,08656,2924
43,08706,5534
43,08805,8385
43,08854,1634
43,08904,16212
43,09001,16004
43,09050,8098
43,09100,36232
43,09126,2082
43,09159,4325
43,09209,281519
43,09258,1503
43,09308,98143
43,09407,25727
43,09506,7537
43,09555,4866
43,09571,3018
43,09605,19329
43,09654,6776
43,09704,4762
43,09753,4406
43,09803,4709
43,09902,7262
43,09951,4013
43,10009,20350
43,10108,36899
43,10207,83475
43,10306,4078
43,10330,22800
43,10363,3120
43,10405,6167
43,10413,2226
43,10439,6640
43,10462,1889
43,10504,7241
43,10538,5499
43,10553,3465
43,10579,2094
43,10603,37620
43,10652,2419
43,10702,3324
43,10751,1910
43,10801,24293
43,10850,3810
43,10876,2692
43,10900,3561
43,11007,26680
43,11106,10848
43,11122,3716
43,11130,3503
43,11155,8560
43,11205,19293
43,11239,2903
43,11254,6452
43,11270,1609
43,11304,27807
43,11403,84014
43,11429,2564
43,11502,7480
43,11601,5219
43,11627,6054
43,11643,1714
43,11700,5445
43,11718,4587
43,11734,2981
43,11759,7299
43,11775,6714
43,11791,2691
43,11809,44161
43,11908,4402
43,11981,3885
43,12005,2031
43,12054,4009
43,12104,4823
43,12138,2540
43,12153,4515
43,12179,1648
43,12203,4377
43,12252,8075
43,12302,4925
43,12351,1453
43,12377,3226
43,12385,2548
43,12401,65264
43,12427,3085
43,12443,2949
43,12450,6568
43,12476,6407
43,12500,12804
43,12609,4954
43,12617,3162
43,12625,1893
43,12658,17624
43,12674,1682
43,12708,11695
43,12757,3625
43,12807,4759
43,12906,9916
43,12955,1775
43,13003,3330
43,13011,2698
43,13037,5352
43,13060,21615
43,13086,2553
43,13102,6512
43,13201,21353
43,13300,27257
43,13334,2242
43,13359,3689
43,13375,29300
43,13391,4196
43,13409,246748
43,13425,3323
43,13441,2211
43,13466,1719
43,13490,4164
43,13508,45994
43,13607,3828
43,13656,11318
43,13706,33303
43,13805,7057
43,13904,43667
43,13953,9174
43,14001,7657
43,14027,7611
43,14035,3837
43,14050,58272
43,14068,5702
43,14076,6535
43,14100,203275
43,14134,2293
43,14159,8487
43,14175,1982
43,14209,7730
43,14308,3874
43,14407,342405
43,14423,5742
43,14456,2579
43,14464,1941
43,14472,4350
43,14498,4871
43,14506,12271
43,14548,3003
43,14555,2304
43,14605,20663
43,14704,10084
43,14753,2098
43,14779,3904
43,14787,1547
43,14803,37079
43,14902,1483771
43,15008,4678
43,15057,2374
43,15073,1360
43,15107,10246
43,15131,1639
43,15149,2901
43,15156,6244
43,15172,1947
43,15206,3919
43,15305,22687
43,15313,1849
43,15321,2788
43,15354,3796
43,15404,11549
43,15453,2090
43,15503,15789
43,15552,2752
43,15602,211005
43,15701,38275
43,15750,4653
43,15800,11393
43,15909,5867
43,15958,2323
43,16006,21349
43,16105,10601
43,16204,5130
43,16303,6847
43,16402,39422
43,16428,2609
43,16436,2650
43,16451,12449
43,16477,2733
43,16501,7799
43,16600,16270
43,16709,7994
43,16733,1639
43,16758,6603
43,16808,130416
43,16907,282123
43,16956,6331
43,16972,2562
43,17004,8098
43,17103,77027
43,17202,73254
43,17251,1729
43,17301,29676
43,17400,49425
43,17509,77593
43,17558,2128
43,17608,42894
43,17707,10175
43,17756,2019
43,17806,13885
43,17905,14257
43,17954,2324
43,18002,60282
43,18051,3074
43,18101,18335
43,18200,21710
43,18309,62105
43,18408,24248
43,18424,4657
43,18432,2552
43,18440,2824
43,18457,2537
43,18465,1971
43,18481,4804
43,18499,2073
43,18507,27568
43,18606,6933
43,18614,2408
43,18622,3527
43,18705,236835
43,18804,43582
43,18903,33468
43,19000,21556
43,19109,5426
43,19125,3234
43,19158,7673
43,19208,5265
43,19307,5790
43,19356,3801
43,19364,2009
43,19372,2947
43,19406,16198
43,19505,25685
43,19604,23621
43,19703,3299
43,19711,2242
43,19737,2727
43,19752,2243
43,19802,8721
43,19901,81734
43,20008,141075
43,20107,24489
43,20206,10750
43,20230,2907
43,20263,7421
43,20305,5100
43,20321,2779
43,20354,5581
43,20404,17502
43,20453,1962
43,20503,5415
43,20552,6486
43,20578,1970
43,20602,3657
43,20651,2384
43,20677,10172
43,20701,14967
43,20800,31002
43,20859,4719
43,20909,24111
43,21006,10584
43,21105,17300
43,21204,57466
43,21303,26862
43,21329,3072
43,21352,5481
43,21402,13485
43,21436,11204
43,21451,33232
43,21469,3030
43,21477,5704
43,21493,2806
43,21501,38732
43,21600,51715
43,21626,2336
43,21634,2668
43,21667,11053
43,21709,28220
43,21808,23906
43,21832,2697
43,21857,4271
43,21907,23906
43,21956,5802
43,22004,29538
43,22103,5678
43,22152,4569
43,22186,1472
43,22202,23948
43,22251,4855
43,22301,7893
43,22327,3438
43,22343,2015
43,22350,1154
43,22376,2338
43,22400,126970
43,22509,66218
43,22525,3497
43,22533,11781
43,22541,5913
43,22558,2113
43,22608,71554
43,22707,26863
43,22806,26241
43,22855,1815
43,22905,4756
43,23002,255224
43,23101,4670
43,23200,2882
43,23309,3385
43,23358,2091
43,23408,4358
43,23457,4280
43,23507,2752
43,23606,1561
43,23705,2851
43,23754,3133
43,23770,3014
43,23804,16408
50,00203,15522
50,00252,5343
50,00609,39396
50,00708,25135
50,00807,9035
50,00856,10780
50,00906,8956
50,01003,25745
50,01102,47871
50,01243,12149
50,01508,6788
50,01904,23024
50,02001,11329
50,02100,24629
50,02159,7875
50,02209,21976
50,02308,11872
50,02407,30174
50,02605,13711
50,02704,895982
50,02803,6116
50,02902,21939
50,02951,25218
50,03108,5947
50,03157,15253
50,03207,111435
50,03256,20823
50,03306,33543
50,03454,12924
50,03488,11385
50,03504,5924
50,03702,222949
50,03751,12353
50,03801,19189
50,03900,3051
50,04007,9965
50,04106,9895
50,04304,16078
50,04403,7610
50,04502,24839
50,04601,21142
50,04700,23187
50,04809,9110
50,04908,7187
50,05004,26097
50,05103,4027
50,05152,6712
50,05202,23331
50,05251,7341
50,05400,47083
50,05608,28013
50,05681,18366
50,05707,54878
50,05806,13930
50,06002,21882
50,06200,54374
50,06259,3814
50,06275,5555
50,06309,42148
50,06358,14228
50,06408,7674
50,06606,92526
50,06903,17131
50,07109,24615
50,07208,37514
50,07307,4831
50,07406,19746
50,07505,5499
50,07554,7851
50,07695,26771
50,07703,10791
50,07802,6529
50,07901,57665
50,07935,19274
50,07950,11552
50,07976,3588
50,08008,21806
50,08305,121388
50,08404,6102
51,00102,5399
51,00201,25721
51,00250,51782
51,00300,19044
51,00359,6822
51,00409,12030
51,00508,11356
51,00607,10847
51,00805,10133
51,01001,3100
51,01209,935
51,01258,16822
51,01308,9607
51,01407,22354
51,01605,8564
51,01704,34966
51,01803,61012
51,01852,6580
51,01902,19695
51,02504,94376
51,02603,15980
51,02637,35360
51,02678,44041
51,02686,6891
51,02694,4743
51,02702,21579
51,02793,10305
51,02850,8729
51,03007,19752
51,03056,12149
51,03106,5700
51,03205,33438
51,03254,38582
51,03304,20763
51,03353,30933
51,03361,4038
51,03379,19750
51,03403,612547
51,03437,5219
51,03452,9462
51,03502,22041
51,03601,8178
51,03700,14192
51,03809,3494
51,03858,7648
51,03908,5540
51,03957,3026
51,04104,35816
51,04203,15141
51,04500,2752
51,04526,7667
51,04542,6737
51,04559,3802
51,04609,13345
51,04807,27776
51,04906,8409
51,05002,8793
51,05101,34974
51,05150,40997
51,05176,15865
51,05200,11221
51,05234,6121
51,05259,65534
51,05309,2077
51,05507,16128
51,05580,10499
51,05606,16566
51,05622,27739
51,05903,15336
51,06000,5989
51,06109,13216
51,06158,15288
51,06174,3849
51,06182,6640
51,06190,3718
51,06208,3829
51,06216,12787
51,06224,45378
51,06232,20301
51,06240,11982
51,06257,21374
51,06265,9178
51,06273,4004
51,06281,5074
51,06299,11225
51,06307,22563
51,06315,2640
51,06372,17626
51,06422,34976
51,06455,2662
51,06505,32843
51,06653,6711
51,06703,1576
51,06752,45436
51,06778,12517
51,06802,5410
51,06828,12017
51,06851,2963
51,07008,16219
51,07040,62019
51,07065,17479
51,07107,18906
51,07156,2732
51,07180,10206
51,07198,2405
51,07206,5156
51,07248,4525
51,07263,3146
51,07297,4063
51,07305,20664
51,07354,5595
51,07404,4727
51,07578,4001
51,07602,232491
51,07701,17151
51,07743,2564
51,07750,3365
51,07768,3429
51,07776,8371
51,07792,5174
51,07800,16628
51,07859,11708
51,07875,25881
51,07883,1650
51,07909,142996
51,07925,90313
51,07941,9489
51,07958,103750
51,08006,13705
51,08055,9667
51,08105,3805
51,08204,3609
51,08303,3525
51,08352,3127
51,08402,284971
51,08501,11309
51,08600,26037
51,08808,4519
51,08857,3278
51,08907,8641
51,08956,9178
52,00050,8773
52,00100,20042
52,00134,22366
52,00159,2516
52,00175,5735
52,00209,1850
52,00258,212440
52,00308,27653
52,00506,1995
52,00555,6414
52,00605,7624
52,00803,8660
52,00829,3812
52,00852,6111
52,00902,3126
52,01108,386923
52,01207,1149
52,01306,21850
52,01405,578179
52,01454,2474
52,01504,4198
52,01603,3522
52,01702,20118
52,01801,10308
52,02155,7770
52,02353,2612
52,02502,9875
52,02601,3120
52,02809,2417
52,03104,5138
52,03203,11167
52,03302,29975
52,03401,8841
52,03500,25216
52,03559,9706
52,03575,4405
52,03609,3703
52,03807,5779
52,03906,9459
52,03939,2488
52,03962,3292
52,04003,7993
52,04102,12484
52,04201,1351
52,04250,8067
52,04300,16009
52,04409,18913
52,04508,91162
52,04557,3804
52,04607,3630
52,04656,3640
52,04706,12626
52,04805,7589
52,04854,7789
52,04904,19887
52,04953,2141
52,05000,10082
52,05059,3435
52,05109,108823
52,05208,5070
52,05307,9709
52,05406,22191
52,05455,8606
52,05471,10167
52,05497,71376
52,05513,20240
52,05521,3382
52,05703,2327
52,05802,11110
52,05901,9723
52,06206,58997
52,06305,2966
52,06404,16949
52,06503,3486
52,06602,2854
52,06701,3311
52,06800,2938
52,06909,2094
52,07105,2484
52,07253,7322
52,07352,3699
52,07402,12372
52,07501,3275
52,07535,6627
52,07600,5637
52,07808,13292
52,07907,16557
52,08004,121617
52,08103,4248
52,08152,3818
52,08301,4804
52,08400,11231
52,08509,5600
52,08608,70084
52,08707,1516113
52,08806,44289
52,08905,22645
52,09101,34095
52,09150,5898
52,09200,14209
52,09291,1996
52,09408,3893
52,09457,1794
52,09606,3724
52,09705,21706
52,09804,3564
52,09903,13947
52,09937,6194
52,09952,15611
52,10000,52866
52,10109,26985
52,10158,2893
52,10208,31531
52,10307,2800
52,10406,42900
52,10562,4676
52,10604,5237
52,10802,4539
52,10901,22981
52,11008,4997
52,11206,25768
52,11305,7178
52,11404,8938
52,11503,104742
52,11602,2370
52,11701,6048
52,11800,50511
52,11909,100882
52,12006,2879
52,12055,2490
52,12105,7387
52,12204,18478
52,12253,1588
52,12303,7647
52,12501,208299
52,12600,2368
52,12709,8882
52,12808,9503
52,12907,2236
52,12956,4351
52,13004,14080
52,13053,2597
52,13087,29070
52,13103,66801
52,13400,1529
52,13509,8606
52,13707,8055
52,13756,13396
52,13772,4479
52,13806,46136
52,13855,2248
52,13905,4290
52,14002,15659
52,14051,4887
52,14101,3778
52,14408,9142
52,14507,29850
52,14606,46388
52,14705,2352
52,14804,2210
52,14838,12869
52,14861,8164
52,14879,2929
52,14903,3264
52,15009,9853
52,15207,2913
52,15231,115711
52,15256,4495
52,15306,15615
52,15405,3759
52,15504,6667
52,15603,33835
52,15652,3464
52,15702,28858
52,15801,2381
52,15900,3585
52,16007,2615
52,16304,10057
52,16403,10988
52,16452,3129
52,16809,10281
52,16908,2253
52,17104,24524
52,17203,10385
52,17302,24908
52,17401,31458
52,17609,89918
52,17708,17819
52,18003,45394
52,18052,3881
52,18102,4011
52,18300,36900
52,18391,3223
52,18508,50065
52,18607,10918
52,18706,4801
52,18789,4493
52,18805,235647
52,18904,19882
52,19001,7637
52,19100,6560
52,19209,2855
52,19258,5459
52,19308,38648
52,19357,3809
52,19407,8756
52,19456,3343
52,19506,2319
52,19605,3355
52,19704,8744
52,19712,4821
52,19738,6283
52,19753,74744
52,19803,12949
52,19902,6264
52,20009,13740
52,20058,1381
52,20108,33817
52,20157,5167
52,20207,21993
52,20264,4057
52,20280,2036
52,20405,20645
52,20454,115371
52,20504,8544
52,20603,20695
52,20686,6856
52,20702,2989
52,21007,3529
52,21080,3458
52,21197,8043
52,21304,2833
52,21403,127599
52,21452,3500
52,21502,4598
52,21551,5281
52,21577,2854
52,21601,40532
52,21700,13843
52,21809,3072
52,21858,168468
52,21908,3827
52,22005,13863
52,22054,8743
52,22203,6171
52,22302,5821
53,00108,3015268
